corpus	conv_id	token_id	token_span	speaker_id	audio	type	duration	participants-number	participants-relationship	moderator	topic	year	collection-point	occupation	gender	region	age-range	SegnDisc	Func:Interazionale	Func:Metatestuale	Func:Cognitiva	left	form	right
ParlaTO	PTB009	99-1	99-1	TOR001	https://search.corpuskiparla.it/corpus/player/player.cgi?code=PTB009&begin=149817&end=150779	semistructured-interview	00:47:05	3	asymmetric	yes	fixed	2019	TO	2-Professionals	F	lombardia	26-30	yes	Presa di turno	Introduzione o ripresa del topic	_	di~ gli diremo di // o facciamo noi una pausa cioè non voglio // di aspettare un a~ // tenervi prigionieri // no tanto poi //	dunque	// in quale quartiere di torino vivevi? // eh io vivevo da bambina fino alla guerra // abbiamo vissuto in corso re umberto
ParlaTO	PTB009	651-1	651-1	TOI035	https://search.corpuskiparla.it/corpus/player/player.cgi?code=PTB009&begin=1233252&end=1234668	semistructured-interview	00:47:05	3	asymmetric	yes	fixed	2019	TO	0-Retired	F	piemonte	over85	yes	Presa di turno	_	_	la // eh beh sicuramente // mh mh mh mh // eh che impressione hai avuto di questo cambiamento del quartiere? // xx // ma	dunque	diciamo // la fiat ha fatto arrivare tutti questi meridionali che ne aveva bisogno // certo // e ha suscitato
ParlaBO	PBB012	314-0	314-0	BOI039	https://search.corpuskiparla.it/corpus/player/player.cgi?code=PBB012&begin=675244&end=680084	semistructured-interview	00:49:50	3	asymmetric	yes	fixed	2022	BO	5-Service-Workers	M	emilia-romagna	51-55	yes	_	Prolettico	_	// insomma nelle camere a gas mentre // arpad fu portato in un campo di // di lavoro // e // resistette fino a la fine del //	dunque	dal gennaio del quarantadue poco prima della liberazione da parte dei russi del campo // ecco // ah // ah // e tutto questo
ParlaBO	PBB012	1329-2	1329-2	BOI039	https://search.corpuskiparla.it/corpus/player/player.cgi?code=PBB012&begin=2924535&end=2926845	semistructured-interview	00:49:50	3	asymmetric	yes	fixed	2022	BO	5-Service-Workers	M	emilia-romagna	51-55	yes	_	Introduzione o ripresa del topic|Filler	_	la fine ecco // quale sarebbe stata la fine // mh // eh dov''è che sono conservate le lettere ha detto? ah ok // le lettere	dunque	sono a al museo ebraico // qua di bologna // sì // e so che // le hanno usate per // le hanno portate anche // in altri musei in
KIP	BOD1003	210-0	210-0	BO092	https://search.corpuskiparla.it/corpus/player/player.cgi?code=BOD1003&begin=925468&end=927531	lecture	01:24:11	1	asymmetric	no	fixed	2018	BO	2-Professionals	M	emilia-romagna	61-65	yes	_	Introduzione o ripresa del topic	_	anziché far del casino faceva una semplificazione incredibile di tutto // allora qual è il vantaggio? //	dunque	immaginatevi che // noi // per definire un dado abbiam bisogno dell'' oggetto fisico comunque abbiam bisogno di sei
KIP	BOD1003	439-0	439-0	BO092	https://search.corpuskiparla.it/corpus/player/player.cgi?code=BOD1003&begin=1900725&end=1903448	lecture	01:24:11	1	asymmetric	no	fixed	2018	BO	2-Professionals	M	emilia-romagna	61-65	yes	_	Filler	_	le uscite dei singoli dadi // questo è come se fosse le uscite tra tutte le facce comprese tra zero e ics del dado // eh //	dunque	è scritta così // in verticale // vedete dei valori complementi a zero e tre // in orizzontale ci sono i i centesimi e cioé
KIP	BOD1003	500-0	500-0	BO092	https://search.corpuskiparla.it/corpus/player/player.cgi?code=BOD1003&begin=2294839&end=2301866	lecture	01:24:11	1	asymmetric	no	fixed	2018	BO	2-Professionals	M	emilia-romagna	61-65	yes	_	Introduzione o ripresa del topic	_	// allora // m avete problemi su questo? // no avete le tabelle avete tutto adesso le tiro fuori anch'' io le tabelle così //	dunque	a partir dalla tabella bisogna mh dobbiamo imparare a usar la tabella quindi adesso io // no no non ho bisogno di questo
KIP	BOD1003	689-6	689-6	BO092	https://search.corpuskiparla.it/corpus/player/player.cgi?code=BOD1003&begin=3373223&end=3377267	lecture	01:24:11	1	asymmetric	no	fixed	2018	BO	2-Professionals	M	emilia-romagna	61-65	yes	_	Introduzione o ripresa del topic	_	l'' inquinamento è la stessa cosa // sui problemi pratici ci arriviamo però // un pochino di manualità sulla tabella	dunque	vediamo ehm // qual è la probabilità di avere dei valori che siano // superiori al doppio della deviazione standard cioè
ParlaTO	PTB002	368-1	368-1	TOI017	https://search.corpuskiparla.it/corpus/player/player.cgi?code=PTB002&begin=1113330&end=1116145	semistructured-interview	01:27:40	3	asymmetric	yes	fixed	2019	TO	0-Retired	M	puglia	over85	yes	_	Riformulazione|Filler	_	// e allora io gli avevo detto ma // come mai ti trovi per fare questo lavoro qua? // e fa perché mio papà noi eh // noi	dunque	torniamo un po'' indietro // io ero all''ospedale militare // mh // partendo da~ dalla piazza adesso non mi ricordo come si
ParlaTO	PTB002	449-0	449-0	TOI017	https://search.corpuskiparla.it/corpus/player/player.cgi?code=PTB002&begin=1368822&end=1377748	semistructured-interview	01:27:40	3	asymmetric	yes	fixed	2019	TO	0-Retired	M	puglia	over85	yes	_	Introduzione o ripresa del topic	_	quello che volevano loro // sì non ti // le pulizie negli uffici // eh // eh // sono andato una settimana due settimane //	dunque	mi sono congedato il ventisette di novembre del m~ del mille novecento n~ n~ n~ novantadue mi sembra // pensa // ma no che
ParlaBO	PBC005	2-0	2-0	BOI014	https://search.corpuskiparla.it/corpus/player/player.cgi?code=PBC005&begin=5760&end=11730	semistructured-interview	01:01:27	2	asymmetric	yes	fixed	2021	BO	0-Retired	F	emilia-romagna	76-80	yes	Presa di turno	_	_	che no beh in freezer // in freezer il freezer è il freezer // allora // in che quartiere di bologna vivi? e come ti trovi? //	dunque	io vivo alla croce di casalecchio che è un quartiere del comune di casalecchio // che appartiene alla provincia di
ParlaBO	PBC005	1124-0	1124-0	BOI014	https://search.corpuskiparla.it/corpus/player/player.cgi?code=PBC005&begin=2827220&end=2830260	semistructured-interview	01:01:27	2	asymmetric	yes	fixed	2021	BO	0-Retired	F	emilia-romagna	76-80	yes	Presa di turno	_	_	profonda tipo // io sono nata che c''è stata dopo poco la crisi del duemilaotto ma ovviamente non me la ricordo ecco //	dunque	una crisi c''è statala crisi // petrolifera // negli anni settanta // eh // quando // eh // c''era mh penuria di // energie //
KIP	TOD1017	1-0	1-0	TO077	https://search.corpuskiparla.it/corpus/player/player.cgi?code=TOD1017&begin=8190&end=13280	lecture	01:41:25	1	asymmetric	no	fixed	2019	TO	2-Professionals	M	piemonte	61-65	yes	Presa di turno	Filler	_	devo guardare i costumi da calzedonia c'' ho da fare // ventisette minuti perfetto // saluta ciao // ciao // buongiorno //	dunque	eh prima di iniziare eh // devo darvi una comunicazione preferisco farlo con un certo anticipo // che eh riguarda // la l''
ParlaTO	PTB014	116-2	116-2	TOR001	https://search.corpuskiparla.it/corpus/player/player.cgi?code=PTB014&begin=215103&end=220110	semistructured-interview	01:05:48	4	asymmetric	yes	fixed	2019	TO	2-Professionals	F	lombardia	26-30	yes	_	Filler	_	// eh ha lavorato su eh un un coso sotto la stampa era una // va bene va bene // okay // ah la sapet // la sapet sì // okay // eh	dunque	quando era piccolo parlava italiano o parlava un dialetto? // italiano // italiano? // io almeno penso là // eh ma beh //
ParlaBO	PBC004	428-0	428-0	BOI011	https://search.corpuskiparla.it/corpus/player/player.cgi?code=PBC004&begin=1114310&end=1115920	semistructured-interview	00:58:50	2	asymmetric	yes	fixed	2021	BO	0-Retired	F	emilia-romagna	66-70	yes	Presa di turno	_	_	dato che comunque sono una cosa caratteristica proprio della città se // ha qualche storia // legata ai portici //	dunque	sui portici // a parte il fatto che sono tenuti da schifo // okay // c''è una cosa che io non tollero è vedere queste // come
KIP	BOC1001	4-5	4-5	BO087	https://search.corpuskiparla.it/corpus/player/player.cgi?code=BOC1001&begin=10546&end=18778	exam	00:14:36	2	asymmetric	yes	fixed	2018	BO	2-Professionals	M	emilia-romagna	41-45	no	_	_	_	magistrale quindi di bibliografia? // no magistrale // no storia delle bibliotreche // ah storia dele biblioteche	dunque	ha una biblioteca di cui mi deve raccontare quale biblioteca ha scelto? ah l'' abazia di xxx lei è bolognese? // esatto //
KIP	BOC1001	115-1	115-1	BO087	https://search.corpuskiparla.it/corpus/player/player.cgi?code=BOC1001&begin=390615&end=401707	exam	00:14:36	2	asymmetric	yes	fixed	2018	BO	2-Professionals	M	emilia-romagna	41-45	yes	_	Introduzione o ripresa del topic|Filler	_	eh anche piatti di coperta // brava brava sono xxxx collegato xx a due piatti superiore e quello brava // sì // allora	dunque	lei porta eh la storia delle biblioteche ehm xxx san pietro // xxxx // ehm i gesuiti // ah quindi qui~ qu~ // eh il programma
ParlaTO	PTD009	2-0	2-0	TOR001	https://search.corpuskiparla.it/corpus/player/player.cgi?code=PTD009&begin=3752&end=4330	semistructured-interview	00:56:23	2	asymmetric	yes	fixed	2019	TO	2-Professionals	F	lombardia	26-30	yes	Presa di turno	Introduzione o ripresa del topic|Filler	_	// perfetto // okay grazie // grazie arrivederci buona giornata // arrivederci // allora intanto grazie // prego //	dunque	// // ehm in che zona di torino vivi? // io ab~ vivo in zona la barca // da qualche anno // okay // ma sono son nato a torino ma ho
ParlaTO	PTD009	532-7	532-7	TOI060	https://search.corpuskiparla.it/corpus/player/player.cgi?code=PTD009&begin=1408710&end=1414515	semistructured-interview	00:56:23	2	asymmetric	yes	fixed	2019	TO	2-Professionals	M	piemonte	41-45	yes	_	Prolettico|Filler	_	// okay // e e lo comprenderei e lo comprenderei appieno // e senti invece san mauro com''è? // allora san mauro eh s~ a eh	dunque	// // allora san mauro io l''ho vista cambiare purtroppo non in meglio // mh mh // nel senso che eh na~ è sempre na~ comune
ParlaTO	PTB018	24-0	24-0	TOR001	https://search.corpuskiparla.it/corpus/player/player.cgi?code=PTB018&begin=82474&end=84412	semistructured-interview	00:54:46	2	asymmetric	yes	fixed	2019	TO	2-Professionals	F	lombardia	26-30	yes	_	Introduzione o ripresa del topic|Filler	_	// xx // perfetto // c''è tutto // okay // grazie mille // questa è sua // okay perfetto // allora // aspetti che // okay //	dunque	in quale quartiere vive? // barriera di milano // perfetto // // // e come si trova nel quartiere? // ci sono nata e mi trovo
ParlaTO	PTB018	1074-0	1074-0	TOI056	https://search.corpuskiparla.it/corpus/player/player.cgi?code=PTB018&begin=2450035&end=2451254	semistructured-interview	00:54:46	2	asymmetric	yes	fixed	2019	TO	0-Retired	F	piemonte	over85	yes	_	Prolettico|Filler	_	di crisi nella sua vita // eh beh sì eh // ne ho vissuti sì perché // è mh r~ // difficile per via della politica // mh mh //	dunque	sì // lei vuole dal dopoguerra o anche prima? // // anche prima // // anche prima // anche prima io son figlia di un operaio
ParlaBO	PBC019	267-3	267-3	BOI044	https://search.corpuskiparla.it/corpus/player/player.cgi?code=PBC019&begin=853280&end=857430	semistructured-interview	00:34:20	2	asymmetric	yes	fixed	2022	BO	0-Retired	M	emilia-romagna	66-70	yes	_	Prolettico|Filler	_	visto che ne parlavamo // del circolo? // eh esatto non so poi c''è qualcosa che può dire magari x // frequentare il circolo	dunque	io sono entrato nel settandadue // il primo anno così dopo settantaquattro ho già inizato con seguire un po'' // fare
ParlaTO	PTA003	1230-0	1230-0	TOR001	https://search.corpuskiparla.it/corpus/player/player.cgi?code=PTA003&begin=2046700&end=2048812	semistructured-interview	01:03:28	5	asymmetric	yes	fixed	2019	TO	2-Professionals	F	lombardia	26-30	yes	Presa di turno	Introduzione o ripresa del topic	_	// mh mh mh mh // pieno // tutta comprata // eh sì // arrivano con i contanti eh // l''italiano ha fame // certo // vende //	dunque	cosa fate durante il tempo libero? // abbiam quasi finito eh // // // giochiamo a calcio // giochiamo a ca~ x // io ho ta~ io
KIP	TOC1004	479-9	479-9	TO018	https://search.corpuskiparla.it/corpus/player/player.cgi?code=TOC1004&begin=1290036&end=1294803	exam	01:08:11	3	asymmetric	yes	fixed	2018	TO	2-Professionals	M	piemonte	61-65	yes	_	Riformulazione	_	da~ dagli standard dipende da tutta una serie di cose // esatto // il // invece il numero dei suinetti che lei ha detto	dunque	la produzione di latte cresce con il numero dei suinetti // sì // è un valore che cresce in modo // esponenziale oppure c'' è
ParlaTO	TOD2012	163-1	163-1	TO071	https://search.corpuskiparla.it/corpus/player/player.cgi?code=TOD2012&begin=403474&end=404463	semistructured-interview	00:45:32	2	symmetric	yes	fixed	2019	TO	0-Students	M	abruzzo	31-35	yes	Presa di turno	Introduzione o ripresa del topic	_	// vicino tantissimi negozi e quindi la mia voglia di shoppingeh // a chilometro zero // era appagata poi era molt // okay	dunque	// riprendiamo // dopo il problema tecnico // stavamo a san salvario stavamo // alla~ alla ca~ alla casa originaria di
ParlaBO	PBA020	130-0	130-0	BOR029	https://search.corpuskiparla.it/corpus/player/player.cgi?code=PBA020&begin=211242&end=212262	semistructured-interview	00:25:53	3	asymmetric	yes	fixed	2023	BO	0-Students	M	emilia-romagna	21-25	yes	Presa di turno	Introduzione o ripresa del topic	_	molto meglio // è più tranquillo passo d''uomo insomma // capito // vai // mh // vuoi // subentrare nella // eh // tieni // //	dunque	// inizio con le domande generali? // sì se vuoi // allora // bologna è da sempre ricca di manifestazioni ed eventi // mhmh
ParlaBO	PBA020	325-0	325-0	BOR029	https://search.corpuskiparla.it/corpus/player/player.cgi?code=PBA020&begin=585003&end=586635	semistructured-interview	00:25:53	3	asymmetric	yes	fixed	2023	BO	0-Students	M	emilia-romagna	21-25	yes	Presa di turno	Introduzione o ripresa del topic	_	al cinema però // dopo col lavoro e tutto // difficile // infatti poi ho chen // // no scher~ // sì così // capito // e //	dunque	parlando di // natale // tu senti il natale come // festività // diciamo // secondo te è una tradizione forte // che ti
KIP	BOA3003	1405-44	1405-44	BO017	https://search.corpuskiparla.it/corpus/player/player.cgi?code=BOA3003&begin=2560043&end=2573168	free-conversation	01:20:01	4	symmetric	no	free	2018	BO	0-Students	F	emilia-romagna	21-25	no	_	_	_	partecipare come parte di un gruppo ci sono arrivate tre iscrizioni singole a nome dieh sonia gaia e s~eh parteciperete	dunque	come gruppo con il nome del new book sia gaia x come capogruppo? // impazzirò // miracolo // no scherzavo ho parlato
KIP	BOA3003	1618-13	1618-13	BO019	https://search.corpuskiparla.it/corpus/player/player.cgi?code=BOA3003&begin=3611191&end=3626691	free-conversation	01:20:01	4	symmetric	no	free	2018	BO	0-Students	F	lombardia	21-25	yes	_	Filler	_	// okay sìsì sìsìsìsìsìsì perché okay no okay okay // poi porta al diffondersi di informazioni negative e positive ehmh	dunque	l'' esempio l'' esempio più celebreé quello che è successo col nazismo quindi negativo ebrei positivo eh la germania //
ParlaBO	PBC013	197-3	197-3	BOI035	https://search.corpuskiparla.it/corpus/player/player.cgi?code=PBC013&begin=926480&end=929290	semistructured-interview	01:08:09	2	asymmetric	yes	fixed	2022	BO	0-Retired	F	emilia-romagna	76-80	yes	_	Prolettico	_	perché mi diceva nella casa a ca'' de fiori ha s~ ha sempre vissuto lì o adesso non vive più lì immagino // no // no no no	dunque	ho vissuto lì coi miei genitori // okay infatti // ho vissuto lì coi miei genitori intanto frequentavo eh il marconi che
ParlaBO	PBC013	205-0	205-0	BOI035	https://search.corpuskiparla.it/corpus/player/player.cgi?code=PBC013&begin=979390&end=986395	semistructured-interview	01:08:09	2	asymmetric	yes	fixed	2022	BO	0-Retired	F	emilia-romagna	76-80	yes	_	Prolettico|Filler	_	stata il luogo dove han vissuto la mia famiglia di origine // ehm com''era bologna allora? com''era bologna allora? //	dunque	ehm intanto diciamo io una piccola sensazione di // diciamo disagio nel senso che io andavo a scuola con ragazze che
ParlaBO	PBC013	635-2	635-2	BOI035	https://search.corpuskiparla.it/corpus/player/player.cgi?code=PBC013&begin=2895892&end=2902990	semistructured-interview	01:08:09	2	asymmetric	yes	fixed	2022	BO	0-Retired	F	emilia-romagna	76-80	yes	_	Prolettico|Filler	_	// si chiamava @nomeluogo @nomeluogo // era un circolo arci l''arci è stata fondata nel cinquantasette // e quindi	dunque	io allora se avevo diciotto diciannove anni quarantaquattro cinquantaquattro sessantadue // eh poteva essere
KIP	TOD1016	11-1	11-1	TO070	https://search.corpuskiparla.it/corpus/player/player.cgi?code=TOD1016&begin=41025&end=41738	lecture	01:37:51	1	asymmetric	no	fixed	2019	TO	2-Professionals	F	piemonte	46-50	yes	_	Introduzione o ripresa del topic|Filler	_	se // l'' aiuto un po'' // ehmh // domande cose non non chiarite // qualcosa che è rimasto qualche dubbio? // tutto bene? // eh	dunque	// non abbiamo ancora finito i testi che avete però in realtà // mh // ve ne do degli altri oggi // e quindi comincio a
KIP	TOD1016	334-1	334-1	TO070	https://search.corpuskiparla.it/corpus/player/player.cgi?code=TOD1016&begin=989870&end=992510	lecture	01:37:51	1	asymmetric	no	fixed	2019	TO	2-Professionals	F	piemonte	46-50	yes	_	Introduzione o ripresa del topic|Filler	_	di inseguirà addirittura tante volte l'' asprezza // diventerà però appunto // cambia il modo di cantare eh? // // eh	dunque	sì i fogli ve li ho dati ehmh // mh quello s~ mh la cosa su cui volevo soffermarmi oggi in particolare è che // questo modo di
KIP	TOD1016	494-0	494-0	TO070	https://search.corpuskiparla.it/corpus/player/player.cgi?code=TOD1016&begin=1516880&end=1519960	lecture	01:37:51	1	asymmetric	no	fixed	2019	TO	2-Professionals	F	piemonte	46-50	yes	_	Introduzione o ripresa del topic|Filler	_	a modificare uneh // le ritmiche tante volte sono uguali // è che però alla resa poi // sembrano completamente diversi //	dunque	eh la prima aria che vi ho che vi ho messo // è quella di don giovanni // giusto finch'' han dal finch'' han dal vino calda la
KIP	TOD1016	503-3	503-3	TO070	https://search.corpuskiparla.it/corpus/player/player.cgi?code=TOD1016&begin=1555405&end=1557000	lecture	01:37:51	1	asymmetric	no	fixed	2019	TO	2-Professionals	F	piemonte	46-50	yes	_	Prolettico	_	perché non potrei avere i due personaggi più diversi come tipologia // eh quindi è molto evidente // la la differenza	dunque	// don giovanni è il grande amatore che tutti conosciamo no? ha questa nevrosi conquistatoria // per cui addirittura il
KIP	TOD1016	609-0	609-0	TO070	https://search.corpuskiparla.it/corpus/player/player.cgi?code=TOD1016&begin=2157820&end=2160468	lecture	01:37:51	1	asymmetric	no	fixed	2019	TO	2-Professionals	F	piemonte	46-50	yes	_	Introduzione o ripresa del topic|Filler	_	diciamo è un'' aria qui in cui il canto è completamente condizionato dal ritmo // più che una melo~ da una melodia eh? // e //	dunque	il il tempo è presto // esce tutta una gamba dal largo molto largo // adagio moderato // andante allegretto allegro //
KIP	TOD1016	795-0	795-0	TO070	https://search.corpuskiparla.it/corpus/player/player.cgi?code=TOD1016&begin=2746729&end=2747937	lecture	01:37:51	1	asymmetric	no	fixed	2019	TO	2-Professionals	F	piemonte	46-50	yes	_	Riformulazione|Filler	_	// ehmh // // teco ancor quella cerca menare // uf~ eh per esempio quando lui canta ed io frattanto dall'' altro canto //	dunque	eh // qua siamo // // sentite invece come canta ed io frattanto // // e questo è // adesso sì se vi sembra difficile ditemelo
KIP	TOD1016	963-2	963-2	TO070	https://search.corpuskiparla.it/corpus/player/player.cgi?code=TOD1016&begin=3438216&end=3439306	lecture	01:37:51	1	asymmetric	no	fixed	2019	TO	2-Professionals	F	piemonte	46-50	yes	_	Riformulazione	_	di metrica avete qualche concetto minimo? // laeh // quinario significa che ha l'' accento sulla quarta sillaba // e che	dunque	// presupponendo che in italiano la maggior parte delle parole // sono piane // ha cinque sillabe // no? perché nella
KIP	TOD1016	1029-2	1029-2	TO070	https://search.corpuskiparla.it/corpus/player/player.cgi?code=TOD1016&begin=3631791&end=3635886	lecture	01:37:51	1	asymmetric	no	fixed	2019	TO	2-Professionals	F	piemonte	46-50	yes	_	Introduzione o ripresa del topic	_	essere più diverse // questa qua è proprio l'' esemio di un'' aria // eh di pura contemplazione // sentiamola subito	dunque	don ottavio è una voce inveche più chiara // è una voce di tenore // anche questo non l'' abbiamo ancora detto le voci si //
KIP	TOD1016	1252-2	1252-2	TO070	https://search.corpuskiparla.it/corpus/player/player.cgi?code=TOD1016&begin=4631440&end=4633144	lecture	01:37:51	1	asymmetric	no	fixed	2019	TO	2-Professionals	F	piemonte	46-50	yes	_	Introduzione o ripresa del topic|Filler	_	esempio talmente bello talmente // funzionale che non posso non posso rinunciarvi quindi // lo lo ripeto semrpe // ehmh	dunque	// // eh ingresso in scena del commendatore // vi ricordate c'' è stata quella scena nel cimitero no? // in cui don giovanni
ParlaTO	PTD012	58-2	58-2	TOI068	https://search.corpuskiparla.it/corpus/player/player.cgi?code=PTD012&begin=216950&end=222288	semistructured-interview	01:55:04	2	asymmetric	yes	fixed	2019	TO	2-Professionals	M	lazio	46-50	yes	_	Prolettico|Filler	_	no? // appunto da quanto tempo è iniziato oppure c''è sempre stato cioè è sempre stata una zona di di transito? // mah io	dunque	la val di susa è nella storia una zona di passaggio no dicevamo // certo // ehm // i romani arrivano qui questa è la strada
ParlaBO	PBC009	488-0	488-0	BOI022	https://search.corpuskiparla.it/corpus/player/player.cgi?code=PBC009&begin=1976865&end=1983635	semistructured-interview	01:36:37	3	asymmetric	yes	fixed	2022	BO	0-Retired	M	emilia-romagna	71-75	yes	_	Riformulazione	_	fa~ faccio il mio esempio // c''era un bisogno di fare delle attività che // nel sociale io per esempio dopo l''universi~ //	dunque	prima cosa autonomia dalla famiglia che era un tema eh che il sessantotto ha posto // e quindi io ho cercato di avere un
ParlaBO	PBC009	661-9	661-9	BOI022	https://search.corpuskiparla.it/corpus/player/player.cgi?code=PBC009&begin=2718370&end=2724220	semistructured-interview	01:36:37	3	asymmetric	yes	fixed	2022	BO	0-Retired	M	emilia-romagna	71-75	yes	_	Introduzione o ripresa del topic|Prolettico	_	di porta lame più giovani sono del ventisette // sì sì // sì sì sì // sì sì // e mh // e lui andava in vacanza in croazia quindi	dunque	vado per ordine // mhmh // esperienza da partigiano caratterizzante per lui // poi va a lavorare al sindacato e lavora
KIP	TOD1015	0-0	0-0	TO069	https://search.corpuskiparla.it/corpus/player/player.cgi?code=TOD1015&begin=1820&end=4530	lecture	02:16:58	1	asymmetric	no	fixed	2019	TO	2-Professionals	M	calabria	46-50	yes	_	Introduzione o ripresa del topic	_	per favore fai caffè? // pure? // eh ottima idea // e l''ammazzacaffè? // ottima idea // due grazie // va bene // // // //	dunque	oggi iniziamo a entrare in medias res // diciamo entriamo negli argomenti più specifici // ieri abbiamo fatto una
KIP	TOD1015	969-2	969-2	TO069	https://search.corpuskiparla.it/corpus/player/player.cgi?code=TOD1015&begin=4150586&end=4156822	lecture	02:16:58	1	asymmetric	no	fixed	2019	TO	2-Professionals	M	calabria	46-50	no	_	_	_	speranza // e non va considerato vero oratore chi sa parlare bene // se non ha anche il coraggio di parlare // si abbia	dunque	il coraggio di accusare chiunque compia azioni degne di essere fatte oggetto d'' accusa // e chi pecca contro tutti // sia
KIP	TOD1015	1294-1	1294-1	TO069	https://search.corpuskiparla.it/corpus/player/player.cgi?code=TOD1015&begin=5464020&end=5465421	lecture	02:16:58	1	asymmetric	no	fixed	2019	TO	2-Professionals	M	calabria	46-50	no	_	_	_	hanno la possibilità di farlo nel senso che non ci sono le leggi e quindi gli è lecito fare qualunque cosa // conchiudo	dunque	// contro alla comune opinione // la quale dice come i popoli quando sono principi cioè quando hanno il potere quando c'' è
KIP	TOD1015	1937-2	1937-2	TO069	https://search.corpuskiparla.it/corpus/player/player.cgi?code=TOD1015&begin=7751887&end=7758623	lecture	02:16:58	1	asymmetric	no	fixed	2019	TO	2-Professionals	M	calabria	46-50	no	_	_	_	convocare uno potente che la difenda contro a quello che in italia fosse diventato troppo potentecioè // non essendo	dunque	stata la chiesa potente da occupare la italia né avendo permesso che un altro la occupi // è stata cagione // che non è
ParlaTO	PTA016	3-1	3-1	TOR006	https://search.corpuskiparla.it/corpus/player/player.cgi?code=PTA016&begin=6350&end=8880	semistructured-interview	00:40:23	2	asymmetric	yes	fixed	2019	TO	0-Students	F	piemonte	21-25	yes	_	Introduzione o ripresa del topic|Filler	_	di charimenti ditemi pure diciamo // vi è tutto chiaro? // okay ciao come ti chiami // ciao stefano // okay bene // e	dunque	tu lavori giusto // esatto // che lavoro fai // faccio il carrozziere // okay e da quanto tempo? // sonoho iniziato il
ParlaTO	PTA016	73-11	73-11	TOR006	https://search.corpuskiparla.it/corpus/player/player.cgi?code=PTA016&begin=147370&end=152700	semistructured-interview	00:40:23	2	asymmetric	yes	fixed	2019	TO	0-Students	F	piemonte	21-25	yes	_	Riformulazione|Filler	_	avanti il nome che ha già // okay // per per rispetto // va bene // eh // quindi hai fa~ cioè e prima? allora mi hai detto che	dunque	è da cinque anni che fai il carrozziere // esatto // prima hai fatto altri lavori? // magari durante anche le scuole
ParlaTO	PTA005	2148-0	2148-0	TOR001	https://search.corpuskiparla.it/corpus/player/player.cgi?code=PTA005&begin=4468631&end=4470855	semistructured-interview	01:44:43	3	asymmetric	yes	fixed	2019	TO	2-Professionals	F	lombardia	26-30	yes	Presa di turno	Introduzione o ripresa del topic	_	no // mh mh mh // sembra di vedere eh faccio ridere un po'' alla buona // gotham city // // // // xxxxxxx // ma scherzato //	dunque	cosa fai durante il tempo libero? // eh ne faccio di cose // // alleno a football mi alleno sto con lei // // famiglia che tra
KIP	BOD1009	170-4	170-4	BO102	https://search.corpuskiparla.it/corpus/player/player.cgi?code=BOD1009&begin=1004300&end=1007666	lecture	01:01:01	1	asymmetric	no	fixed	2018	BO	2-Professionals	M	estero	31-35	no	_	_	_	tipo nessuna versione delle mappe che incontrate qualsiasi esse siano // sono tutte rappresentazioni politiche	dunque	ideologiche // perché non esiste la possibilitá di riproporre in due dimensioni la multidimensionalitá della terra
KIP	BOD1009	241-0	241-0	BO102	https://search.corpuskiparla.it/corpus/player/player.cgi?code=BOD1009&begin=1395685&end=1396151	lecture	01:01:01	1	asymmetric	no	fixed	2018	BO	2-Professionals	M	estero	31-35	yes	_	Introduzione o ripresa del topic	_	// quello che chiamiamo cosi è uno s~ che è uno spazio evidentemente politico non è accessibile // per cui sì // no? //	dunque	// queste sono le grandi differenze storiche // da dove nascono? // come facciamo a accalappiare gli elementi
KIP	BOD1009	295-1	295-1	BO102	https://search.corpuskiparla.it/corpus/player/player.cgi?code=BOD1009&begin=1655050&end=1656808	lecture	01:01:01	1	asymmetric	no	fixed	2018	BO	2-Professionals	M	estero	31-35	no	_	_	_	e noi puó cambiare // puó essere appunto bidirezionale creativo // non esistendo un rapporto di potere assoluto mai // e	dunque	neanche fra la mappa e noi // se sappiamo leggere la mappa se siamo in grado di capire la mappa // quindi se abbiamo
KIP	BOD1009	432-8	432-8	BO102	https://search.corpuskiparla.it/corpus/player/player.cgi?code=BOD1009&begin=2339790&end=2345350	lecture	01:01:01	1	asymmetric	no	fixed	2018	BO	2-Professionals	M	estero	31-35	no	_	_	_	// trovare un punto nella terra depoliticizzato // imbocca al lupo ci si può provare ma insomma // ora la mappa per noi è	dunque	centrale è centrale // per quello che vi ho detto // ed è centrale perchè la rappresentazione di qualsiasi cosa // che noi
KIP	BOD1009	624-1	624-1	BO102	https://search.corpuskiparla.it/corpus/player/player.cgi?code=BOD1009&begin=3288091&end=3289410	lecture	01:01:01	1	asymmetric	no	fixed	2018	BO	2-Professionals	M	estero	31-35	no	_	_	_	// col concetto di apertura // col concetto quindi di chiusura per forza perchè ciò che è aperto può essere chiuso // e	dunque	// lo spatium lo spazio ha una dinamica politica // appena viene pensato dall'' uomo intrinseca e noi invece la portiamo
KIPasti	KPS004	1950-6	1950-6	PKP034	https://search.corpuskiparla.it/corpus/player/player.cgi?code=KPS004&begin=3786890&end=3790367	free-conversation	02:02:15	3	symmetric	no	free	2022	LE	0-Retired	F	puglia	81-85	yes	_	Prolettico|Filler	_	si alzò dal letto // allora siamo arrivati // è rimasta a letto tutto il giorno // allora appena siamo arrivati poi dopo	dunque	ci siamo riposa~ il giorno do~ // ho cominciato a dire allora facciamo // piazza dell''esedra via nazionale il traforo //
ParlaTO	PTD016	65-1	65-1	TOI076	https://search.corpuskiparla.it/corpus/player/player.cgi?code=PTD016&begin=110785&end=112350	semistructured-interview	00:55:23	3	asymmetric	yes	fixed	2019	TO	0-Unemployed	F	piemonte	26-30	yes	_	Prolettico|Filler	_	fatto esperienze tipo di scavo? di quella roba lì? // sì sì sì sì negli x scavi archeologici ero proprio // dove? // allora	dunque	verrucchio // che è in provincia di rimini // ah // eh poi ad illasi // cheè provincia di verona // ad aosta // eh anche a viù
ParlaBO	PBB025	0-0	0-0	BOR030	https://search.corpuskiparla.it/corpus/player/player.cgi?code=PBB025&begin=320&end=4553	semistructured-interview	00:45:12	2	asymmetric	yes	fixed	2023	BO	0-Students	F	emilia-romagna	21-25	yes	Presa di turno	_	_	arriviamo // va bene // grazie per questa intervista // #arvetse // #arvetse // #arvetse // in gamba // mi hai saluta~ //	dunque	io comincerei chiedendoti in che zona di bologna vivi // vivo a sala bolognese // nella zona adesso non so se est ovest boh
ParlaBO	PBB025	219-3	219-3	BOI092	https://search.corpuskiparla.it/corpus/player/player.cgi?code=PBB025&begin=727117&end=731642	semistructured-interview	00:45:12	2	asymmetric	yes	fixed	2023	BO	6-Craft-Workers	F	emilia-romagna	51-55	yes	_	Filler	_	// eh // rosso e giallo? // sì con palline rosse lucine quei colori // ah giallo cioè rosso e dorato dici // sì // e no e	dunque	a parte che quello lo faceva mia mamma // ed era il generale lei lo doveva fare lei // quindi finchè eravam piccoli eh poi //
ParlaBO	PBB025	288-5	288-5	BOI092	https://search.corpuskiparla.it/corpus/player/player.cgi?code=PBB025&begin=969747&end=972012	semistructured-interview	00:45:12	2	asymmetric	yes	fixed	2023	BO	6-Craft-Workers	F	emilia-romagna	51-55	yes	_	Filler	_	festeggio // allora l''anno scorso // aspetta che anche lì abbiamo dei problemi di memoria // dunque dunque dunque	dunque	dunque dunque // cos''abbiam fatto l''anno scorso // intanto verso un po'' di tè // e da // mi ricordo da gatto // da animale //
ParlaBO	PBB025	288-5	288-5	BOI092	https://search.corpuskiparla.it/corpus/player/player.cgi?code=PBB025&begin=969747&end=972012	semistructured-interview	00:45:12	2	asymmetric	yes	fixed	2023	BO	6-Craft-Workers	F	emilia-romagna	51-55	yes	_	Filler	_	// allora l''anno scorso // aspetta che anche lì abbiamo dei problemi di memoria // dunque dunque dunque dunque	dunque	dunque // cos''abbiam fatto l''anno scorso // intanto verso un po'' di tè // e da // mi ricordo da gatto // da animale // mhmh //
ParlaBO	PBB025	288-5	288-5	BOI092	https://search.corpuskiparla.it/corpus/player/player.cgi?code=PBB025&begin=969747&end=972012	semistructured-interview	00:45:12	2	asymmetric	yes	fixed	2023	BO	6-Craft-Workers	F	emilia-romagna	51-55	yes	_	Filler	_	// allora l''anno scorso // aspetta che anche lì abbiamo dei problemi di memoria // dunque dunque dunque dunque dunque	dunque	// cos''abbiam fatto l''anno scorso // intanto verso un po'' di tè // e da // mi ricordo da gatto // da animale // mhmh // però
ParlaBO	PBB020	681-4	681-4	BOR017	https://search.corpuskiparla.it/corpus/player/player.cgi?code=PBB020&begin=1517514&end=1523354	semistructured-interview	00:33:08	2	asymmetric	yes	fixed	2022	BO	3-Technicians	M	sicilia	21-25	no	_	_	_	è sotto modena // okay // ma secondo la diocesi // è sotto bologna quindi comunque rimane nostro // // che cosa ne pensi	dunque	dello stato attuale dei nostri portici? c''è qualcosa che si potrebbe migliorare secondo te? // come la miglioreresti?
ParlaBO	PBA021	0-2	0-2	BOR030	https://search.corpuskiparla.it/corpus/player/player.cgi?code=PBA021&begin=431&end=4405	semistructured-interview	00:45:31	2	asymmetric	yes	fixed	2023	BO	0-Students	F	emilia-romagna	21-25	yes	Presa di turno	Introduzione o ripresa del topic	_	// no // caldissimo // non va bene // #sparecchiam'' ja // xxxx // mhmh // non lo so vedi? trentacinque minu~ // perfetto	dunque	io inizierei chiedendoti in che zona di bologna vivi // allra io vivo a sala bolognese che è in provincia di bologna un po''
ParlaBO	PBA021	166-0	166-0	BOR030	https://search.corpuskiparla.it/corpus/player/player.cgi?code=PBA021&begin=473692&end=476025	semistructured-interview	00:45:31	2	asymmetric	yes	fixed	2023	BO	0-Students	F	emilia-romagna	21-25	yes	_	Introduzione o ripresa del topic	_	// e quindi quello non l''ho mai potuto vivere perchè le scuole ini~ finiscono a inizio giugno quindi // giustamente //	dunque	visto che siamo in periodo natalizio // sì // io ti chiederei invece per natale se tu hai qualche tradizione particolare
ParlaTO	PTB007	207-2	207-2	TOI021	https://search.corpuskiparla.it/corpus/player/player.cgi?code=PTB007&begin=444268&end=446612	semistructured-interview	01:28:07	2	asymmetric	yes	fixed	2019	TO	0-Retired	F	sicilia	66-70	yes	_	Riformulazione|Filler	_	tu non hai sempre abitato a venaria // nel senso che hai abitato a venaria ma adesso non abiti più lì // no perché	dunque	// mi hai chiesto se? aspetta // se siete mai tornati in sicilia // sì quando eravamo piccole // e mia mamma sì è venuta è
ParlaTO	PTB021	330-0	330-0	TOI067	https://search.corpuskiparla.it/corpus/player/player.cgi?code=PTB021&begin=748009&end=750927	semistructured-interview	00:39:25	2	asymmetric	yes	fixed	2019	TO	0-Retired	F	friuli-venezia-giulia	76-80	yes	Presa di turno	Filler	_	siamo scesi con l''aereo a catania x aeroporto // quindi sì // e siete scesi a fontanarossa? // sì // ma che anni erano? //	dunque	sono andata sette anni fa // ah vabbè recente // sei o sette non mi ricordo più sì abbastanza di recente // ma per piacere un
ParlaTO	PTB021	399-0	399-0	TOI067	https://search.corpuskiparla.it/corpus/player/player.cgi?code=PTB021&begin=923829&end=926190	semistructured-interview	00:39:25	2	asymmetric	yes	fixed	2019	TO	0-Retired	F	friuli-venezia-giulia	76-80	yes	Presa di turno	_	_	si ricorda altri periodi di crisi del genere // come questo meno di questo più di questo // personalmente ha vissuto //	dunque	come crisi economica // diciamo che c''era l''anno che mi son sposata nel sessantatré che c''è stata la congiuntura quelle
ParlaTO	PTB021	563-0	563-0	TOI067	https://search.corpuskiparla.it/corpus/player/player.cgi?code=PTB021&begin=1364521&end=1365210	semistructured-interview	00:39:25	2	asymmetric	yes	fixed	2019	TO	0-Retired	F	friuli-venezia-giulia	76-80	yes	Presa di turno	Filler	_	a che cosa? // cioè lei il degrado del val~ di di un valore ics ad esempio quale valore lei vede degradato // uno per tutti //	dunque	xx // prima di tutto la maleducazione // mh // che sta imperando in un modo // qui non parlo di ragazzini eh parlo di persone
KIP	BOA1001	58-0	58-0	BO020	https://search.corpuskiparla.it/corpus/player/player.cgi?code=BOA1001&begin=128521&end=132755	office-hours	00:37:20	2	asymmetric	no	free	2018	BO	0-Students	F	campania	21-25	yes	_	Filler	_	giulia // avevamo parl~ anna giulia // sì // avevamo parlato della tesi vero? // sì avevamo parlato della tesi ehmh //	dunque	lei mh mi aveva mh parlato di diverse possiblità // eh io // pensavo // eh // che eh potrei ehmh stenderemh il questionario
KIP	BOC1007	1-7	1-7	BO104	https://search.corpuskiparla.it/corpus/player/player.cgi?code=BOC1007&begin=18691&end=22999	exam	00:25:22	2	asymmetric	yes	fixed	2018	BO	2-Professionals	F	emilia-romagna	36-40	yes	Presa di turno	Filler	_	standard qua è molto meno // va bene dai grazie mille di tutto e // basta? // sì // mh okay // avanti // salve sì ehmh	dunque	la ragazza per le regstrazioni? // xxx il registratore e continuiamo // ah // okay non abbiamo firmato nulla firmiamo
KIP	BOD1006	154-1	154-1	BO099	https://search.corpuskiparla.it/corpus/player/player.cgi?code=BOD1006&begin=538456&end=540238	lecture	01:31:07	1	asymmetric	no	fixed	2018	BO	2-Professionals	F	emilia-romagna	66-70	yes	_	Filler	_	quanto meno alla sfera sessuale comunque // certo benissimo bravo // eh sregolatezza indecenza oscenità mh? // eh	dunque	// d~ d~ d~ d~ // ha s~ ha stentato non poco a staccare da un trattato molto licenzioso dell'' arte di amare le donne // libri
KIP	BOD1006	664-1	664-1	BO099	https://search.corpuskiparla.it/corpus/player/player.cgi?code=BOD1006&begin=2686411&end=2691693	lecture	01:31:07	1	asymmetric	no	fixed	2018	BO	2-Professionals	F	emilia-romagna	66-70	no	_	_	_	ma come realtà create // costruzioni della fantasia immutabili // e dun~ sono parole sempre di pirandello eh? // e	dunque	più reali e consistenti della volubile realtà degli attori // e e stia attenti è importante per pirandello // eh più //
KIP	BOD1006	669-1	669-1	BO099	https://search.corpuskiparla.it/corpus/player/player.cgi?code=BOD1006&begin=2702760&end=2705313	lecture	01:31:07	1	asymmetric	no	fixed	2018	BO	2-Professionals	F	emilia-romagna	66-70	no	_	_	_	// eh più // allora scrive pirandello // i personaggi devono apparire come costruzioni della fantasia immutabili // e	dunque	più reali e constistenti // della volubile realtà degli attori // alle spalle di tutto ciò sta un saggio
KIP	BOD1006	918-1	918-1	BO099	https://search.corpuskiparla.it/corpus/player/player.cgi?code=BOD1006&begin=3803177&end=3809657	lecture	01:31:07	1	asymmetric	no	fixed	2018	BO	2-Professionals	F	emilia-romagna	66-70	no	_	_	_	fuori da quindi è pensa che non sia stato consumato // nulla il rapporto sessuale non sia stato consumato // ehm // può	dunque	xxx la moglie a venir meno ai suoi doveri a x verso la sua onestà ma anche perché può costringere un uomo // un altro uomo a
ParlaTO	PTD005	527-1	527-1	TOI054	https://search.corpuskiparla.it/corpus/player/player.cgi?code=PTD005&begin=946244&end=947090	semistructured-interview	00:22:25	2	asymmetric	yes	fixed	2019	TO	5-Service-Workers	F	piemonte	56-60	yes	Presa di turno	Filler	_	// ah quindi qua sopra prati~ // sì qua sopra // ah ho capito // e invece adesso cosa ti piace fare nel tuo tempo libero? // eh	dunque	// ammesso che tu ne abbia eh // mh ne ho poco ultimamente // e // ascolto molti video // e // di meditazione // e mi piace //
ParlaBO	PBC010	20-0	20-0	BOI029	https://search.corpuskiparla.it/corpus/player/player.cgi?code=PBC010&begin=115430&end=124170	semistructured-interview	00:45:06	2	asymmetric	yes	fixed	2022	BO	2-Professionals	F	emilia-romagna	61-65	yes	Presa di turno	_	_	fossero loro stessi a creare questi contenuti // ma questo eh questo cambiamento è avvenuto mh perché lei ha voluto //	dunque	intanto non sono solo io nel senso che siamo in genere tutti gli insegnanti di lettere che tutti gli anni eh lavoriamo sul
ParlaTO	PTD001	848-1	848-1	TOI020	https://search.corpuskiparla.it/corpus/player/player.cgi?code=PTD001&begin=2431116&end=2434779	semistructured-interview	00:51:20	2	asymmetric	yes	fixed	2019	TO	0-Retired	F	basilicata	56-60	yes	_	Riformulazione	_	c''era // in casa inten~ // ma andavi eh in nelle fontane del paese // fonta~ // allora mia mamma si è sposata eh // nel	dunque	mio fratello è del quarantasette // ne ha avuto uno prima quarantasei quarantac~ // si sarà sposata nel quaran~ eh negli
ParlaBO	PBB022	2-1	2-1	BOI086	https://search.corpuskiparla.it/corpus/player/player.cgi?code=PBB022&begin=3530&end=7980	semistructured-interview	00:58:37	3	asymmetric	yes	fixed	2023	BO	6-Craft-Workers	F	emilia-romagna	56-60	yes	Presa di turno	Filler	_	che lei proprio fa altro cioè // devo essere onesto stomh ho altro era // okay // allora in che zona di bologna vivi? // eh	dunque	nord ovest direi eh vicino alla san~ basta? // no no no no // // no no no no no spengo solo lo schermo perchè mi dà fastidio //
ParlaBO	PBB022	500-1	500-1	BOI086	https://search.corpuskiparla.it/corpus/player/player.cgi?code=PBB022&begin=1389510&end=1391827	semistructured-interview	00:58:37	3	asymmetric	yes	fixed	2023	BO	6-Craft-Workers	F	emilia-romagna	56-60	yes	Presa di turno	Filler	_	non c''è // esatto esatto // ah // ho capito // eh mh hai mai sentito parlare dei sette segreti di bologna? li conosci? // eh	dunque	// // eh li~ ne ho sentito parlare non ricordo quali sono ma se me li ricordi so benissimo di che parli perchè // // top
ParlaBO	PBB022	945-3	945-3	BOI086	https://search.corpuskiparla.it/corpus/player/player.cgi?code=PBB022&begin=2738320&end=2746840	semistructured-interview	00:58:37	3	asymmetric	yes	fixed	2023	BO	6-Craft-Workers	F	emilia-romagna	56-60	yes	Presa di turno	Filler	_	non // mh vero // eh // eh ma qui san giovanni eh ci sono delle delle sagre in particolare qua proprio qua vicino? // eh mh	dunque	fanno il giro sicuramente le feste dell''unità appunto che sono a cavallo eh tra luglio ed agosto // mh // ad esempio qui mh
ParlaTO	PTA001	650-0	650-0	TOR001	https://search.corpuskiparla.it/corpus/player/player.cgi?code=PTA001&begin=1308800&end=1309300	semistructured-interview	01:32:30	3	asymmetric	yes	fixed	2019	TO	2-Professionals	F	lombardia	26-30	yes	Presa di turno	Introduzione o ripresa del topic	_	// per uno che esce quasi tutte le sere non è tanto // sì hai hai ragione e rispetto alla media delle uscite no // eh // ehm //	dunque	// che tipo di film ti piacciono? // oh oh ohehi eh // qui proprio // // // cioè spaziamo su qualsiasi cosa // eh //
ParlaBO	PBC014	648-2	648-2	BOI036	https://search.corpuskiparla.it/corpus/player/player.cgi?code=PBC014&begin=2520390&end=2528474	semistructured-interview	00:45:35	2	asymmetric	yes	fixed	2022	BO	0-Retired	M	emilia-romagna	76-80	yes	Presa di turno	Introduzione o ripresa del topic	_	che sia ancora una città diciamo // cioè molto simile a come l''ha vissuta // o~ oppure molto cambiata secondo lei // no du~	dunque	io l''infanzia non ho mai xx mai visto u~ un mare una mo~ una montagna una dolomite mai visto // quando ho incominciato ad
KIP	BOA1005	79-0	79-0	BO026	https://search.corpuskiparla.it/corpus/player/player.cgi?code=BOA1005&begin=200725&end=203423	office-hours	00:09:26	2	asymmetric	no	free	2018	BO	2-Professionals	F	basilicata	56-60	yes	_	Prolettico	_	// sì sì sì io poi lì c'' è un'' enorme biblioteca quindi io lì punto a raccogliere tantissimo materiale // sì // sì // ehmh //	dunque	hyland deve cercare // mh mh // aspetti che me li segno // non so se ho qui amh // lo trova sia trova sia diversi contributi
ParlaBO	PBC017	10-0	10-0	BOI042	https://search.corpuskiparla.it/corpus/player/player.cgi?code=PBC017&begin=29050&end=30414	semistructured-interview	00:51:26	2	asymmetric	yes	fixed	2022	BO	0-Retired	M	emilia-romagna	71-75	yes	_	Riformulazione|Filler	_	a diciamo così // adesso ho cambiato xxx residenza a casalecchio ma abito ancora a casalecchio // praticamente da // //	dunque	facevo la // da sedici anni quando avevo quindici anni abito casalecchio adesso ne ho settantadue quindi // è già
ParlaBO	PBC017	468-15	468-15	BOI042	https://search.corpuskiparla.it/corpus/player/player.cgi?code=PBC017&begin=1431360&end=1438136	semistructured-interview	00:51:26	2	asymmetric	yes	fixed	2022	BO	0-Retired	M	emilia-romagna	71-75	yes	_	Prolettico	_	romagna e @nomeazienda // ah è vero però li ho visti // allora eh lì c''è tutto un giro di di di di una macchinazione perché	dunque	la @nomeazienda gestisce // okay // eh il personale // la fer gestisce le le infrastrutture che sarebbero i binari //
ParlaBO	PBC017	522-0	522-0	BOI042	https://search.corpuskiparla.it/corpus/player/player.cgi?code=PBC017&begin=1593376&end=1597851	semistructured-interview	00:51:26	2	asymmetric	yes	fixed	2022	BO	0-Retired	M	emilia-romagna	71-75	yes	Presa di turno	Introduzione o ripresa del topic	_	che so parle le facevo io il resto // chiamavo le aziende che facevano perché anche // ma il circolo qua c''è da tanto? //	dunque	il circolo c''è stato da tanto il circolo agli inizi prima che io entrassi in azienda // era in san vitale poi nel
ParlaBO	PBC024	662-0	662-0	BOI103	https://search.corpuskiparla.it/corpus/player/player.cgi?code=PBC024&begin=2240873&end=2244880	semistructured-interview	01:10:00	3	asymmetric	yes	fixed	2024	BO	0-Retired	F	emilia-romagna	over 85	yes	Presa di turno	Filler	_	quando facevate le scale mobili della standa // // eh // ascolta cosa vuoi che ti che ti racconto? // quello che vuoi //	dunque	quando è nato cesare senti // siamo andati giù io e mio marito che st~ non stavamo nella pelle che sapevamo giù che era nato
ParlaTO	PTA018	202-0	202-0	TOR006	https://search.corpuskiparla.it/corpus/player/player.cgi?code=PTA018&begin=410512&end=414032	semistructured-interview	00:57:27	2	asymmetric	yes	fixed	2019	TO	0-Students	F	piemonte	21-25	yes	Presa di turno	Introduzione o ripresa del topic	_	ritorniamo al tuo lavoro // quindi mi stavi dicendo che partivano i diti nelle lamiere // i diti // i diti sì // //	dunque	poi mi stavi dicendo che nel tempo libero aiutavi il tuo amico // sì // poi com''è andata? cioè ti sei licenziato? // ti
ParlaTO	PTD017	560-6	560-6	TOI078	https://search.corpuskiparla.it/corpus/player/player.cgi?code=PTD017&begin=1139301&end=1146988	semistructured-interview	00:38:22	2	asymmetric	yes	fixed	2019	TO	1-Managers	M	piemonte	36-40	yes	_	Riformulazione	_	te quali sono // ah // le differenze principali con i pro e i contro di ciascuna delle città // milano non è una ci~ eh	dunque	il discorso è che mh le parti di ci~ di città che ho visto io poi chiaro io arrivavo alle nove e andavo via quindi // // mh mh //
ParlaTO	PTD017	1030-0	1030-0	TOR001	https://search.corpuskiparla.it/corpus/player/player.cgi?code=PTD017&begin=2067410&end=2070822	semistructured-interview	00:38:22	2	asymmetric	yes	fixed	2019	TO	2-Professionals	F	lombardia	26-30	yes	_	Filler	_	città totalmente diversa poi alla fine // mh mh mh // beh cambia il modo in cui vivi la città no? // x // mh mh // certo // e mh //	dunque	quindi mi sembra che globalmente sia molto soddisfatto del posto in cui vivi // ma sì sì // ci sono delle cose che invece ti
ParlaTO	TOD2015	10-2	10-2	TO073	https://search.corpuskiparla.it/corpus/player/player.cgi?code=TOD2015&begin=32150&end=34146	semistructured-interview	00:30:52	2	symmetric	yes	fixed	2019	TO	0-Students	F	piemonte	21-25	yes	Presa di turno	Filler	_	duemiladiciotto dove hai vissuto quali sono state o qualè stata la tua casa nel duemiladiciotto // d'' accordo // allora	dunque	// ehm la il mio concetto di casa è un concetto un po'' strano nel senso che // eh io vivo mh con mia mamma // ah ah // eh a
KIP	TOC1007	241-0	241-0	TO024	https://search.corpuskiparla.it/corpus/player/player.cgi?code=TOC1007&begin=1250715&end=1251769	exam	00:20:55	2	asymmetric	yes	fixed	2018	TO	2-Professionals	F	piemonte	56-60	yes	_	Introduzione o ripresa del topic	_	più al writ ma a una sentenza precedente // sì diciamo in linea molto generale è così // // ventiquattro // sì lo accetto //	dunque	lei è // ecco // grazie // per disturbarvi // ma io cioè per me figurati // sto tranquillo? // okay // sì // ho xxxxxxx //
ParlaTO	PTA013	247-0	247-0	TOR001	https://search.corpuskiparla.it/corpus/player/player.cgi?code=PTA013&begin=400125&end=404215	semistructured-interview	00:44:45	4	asymmetric	yes	fixed	2019	TO	2-Professionals	F	lombardia	26-30	yes	_	Introduzione o ripresa del topic	_	piuttosto che un''altra // mh mh mh mh // d''accordo // sei una merda // eh // x potevi averne uno dei due // po po po //	dunque	al lavoro mi hai detto che andresti avanti potendo scegliere andresti avanti a fare quello che fai giusto? // sì // okay
ParlaTO	PTA013	366-0	366-0	TOR001	https://search.corpuskiparla.it/corpus/player/player.cgi?code=PTA013&begin=582686&end=587766	semistructured-interview	00:44:45	4	asymmetric	yes	fixed	2019	TO	2-Professionals	F	lombardia	26-30	yes	_	Introduzione o ripresa del topic	_	a torino o? // asso // no no no // io viaggio a torino a trecentosessanta gradi quindi // ah okay // d''accordo // // mh //	dunque	invece la zona in cui stavi prima oltre al legame affettivo secondo te? come zona della città? // mi sono giocato xx xxx le
ParlaTO	PTA013	1408-0	1408-0	TOR001	https://search.corpuskiparla.it/corpus/player/player.cgi?code=PTA013&begin=2301800&end=2302230	semistructured-interview	00:44:45	4	asymmetric	yes	fixed	2019	TO	2-Professionals	F	lombardia	26-30	yes	Presa di turno	Introduzione o ripresa del topic	_	non arrivi tipo gullit se no siamo fottuti // è un disatro eh certo // prossimo anno è già con // ehm // va bene // ah //	dunque	// e hai detto che esci con gli amici? // che posti frequenti? // che posti frequento // // oh non guardare me eh non è che
KIP	BOC1008	2-1	2-1	BO117	https://search.corpuskiparla.it/corpus/player/player.cgi?code=BOC1008&begin=8855&end=13810	exam	00:14:20	2	asymmetric	yes	fixed	2018	BO	2-Professionals	F	lombardia	36-40	yes	_	Introduzione o ripresa del topic|Filler	_	vatti a lavare i denti // i~ il lavati col sapone le mani // // no se deve andare via xx // e te ne vai // okay // allora // ehm	dunque	mi ricordo che lei ha frequentato ehm // sì esatto // le direi di eh cominciare con una definizione di eh cortesia // mh? //
ParlaTO	PTB003	463-0	463-0	TOI017	https://search.corpuskiparla.it/corpus/player/player.cgi?code=PTB003&begin=1458664&end=1460461	semistructured-interview	00:52:01	3	asymmetric	yes	fixed	2019	TO	0-Retired	M	puglia	over85	yes	_	Prolettico|Filler	_	la la persona di servizio // per aiutare il fratello che studiava // ah // e il suo fratello era a // faceva l''istitutore //	dunque	eh // dove c''è la statua di corso vittorio emanuele // sì // corso vittorio emanuele c''è la statua // il vittorione // e il
ParlaTO	PTB003	870-0	870-0	TOI017	https://search.corpuskiparla.it/corpus/player/player.cgi?code=PTB003&begin=2571412&end=2576579	semistructured-interview	00:52:01	3	asymmetric	yes	fixed	2019	TO	0-Retired	M	puglia	over85	yes	_	Riformulazione	_	al mattino // eh la sera e la domenica si faceva quello che si poteva // certo // difatti eh // la parte dove dove ca~ //	dunque	la casa l''aveva comprata giovanni e sua sorella assie~ da soli // perché giovanni lavorava // alla a settimo alla
KIP	BOA1010	39-1	39-1	BO026	https://search.corpuskiparla.it/corpus/player/player.cgi?code=BOA1010&begin=64005&end=65110	office-hours	00:21:26	3	asymmetric	no	free	2018	BO	2-Professionals	F	basilicata	56-60	yes	Presa di turno	Filler	_	// anche lei? // sì sì per~ cioè io sono venuta anche a ricevimento con lei sì sì permh // al colloquio con me sì // ehmh // eh	dunque	// avete trovato discipline abbastanza vicine no che non ci siano // sì abbastanza // sì // delle curiose scelte // no //
KIP	BOD1001	1312-0	1312-0	BO013	https://search.corpuskiparla.it/corpus/player/player.cgi?code=BOD1001&begin=5488278&end=5489258	lecture	01:36:24	2	asymmetric	no	fixed	2018	BO	2-Professionals	M	emilia-romagna	51-55	yes	_	Introduzione o ripresa del topic|Filler	_	e violentato e privato appunto di tutto quello che dovrebbe avere un bambino // ci fermiamo qua // per oggi ehm //	dunque	lunedì // è l'' ultima lezione direi almeno dai miei conti dovrebbe essere l'' ultima lezione // eh rimangono // in ballo
KIP	BOA1002	14-1	14-1	BO026	https://search.corpuskiparla.it/corpus/player/player.cgi?code=BOA1002&begin=57946&end=61276	office-hours	00:08:34	6	asymmetric	no	free	2018	BO	2-Professionals	F	basilicata	56-60	yes	Presa di turno	Introduzione o ripresa del topic	_	// mh // noi // lei ha un problema // io io ho un problema perché dovrei subire un'' operazione al ginocchio e dovevo in~ // e	dunque	il il secondo appello sarebbe // è il dieci luglio // dieci luglio // lo scritto // noi avremmo bisogno di sapere // esatto
ParlaBO	PBB024	610-2	610-2	BOR030	https://search.corpuskiparla.it/corpus/player/player.cgi?code=PBB024&begin=1906400&end=1908151	semistructured-interview	00:37:15	2	asymmetric	yes	fixed	2023	BO	0-Students	F	emilia-romagna	21-25	no	_	_	_	le sere eravamo lì al falchi a parlare chiacchierare facevamo facevamo anche serate così // d''accordo // e passerei	dunque	alla musica // quindi se mi puoi dire che genere ascolti // pronti // // musica prettamente italiana // eh l~ diciamo in
ParlaBO	PBC011	997-1	997-1	BOI032	https://search.corpuskiparla.it/corpus/player/player.cgi?code=PBC011&begin=3047806&end=3048688	semistructured-interview	01:16:04	2	asymmetric	yes	fixed	2022	BO	0-Retired	F	emilia-romagna	76-80	yes	_	Riformulazione|Filler	_	no perché // ho vissuto quello insomma perché poi in casa subito dopo la guerra poi sai che cos''è // il fatto di vivere // eh	dunque	// come posso dire // di vivere così in campagna e non eh mh in un borgo di campagna no? dove // in un borgo // ad esempio nel
ParlaBO	PBC007	525-0	525-0	BOI019	https://search.corpuskiparla.it/corpus/player/player.cgi?code=PBC007&begin=1385880&end=1390400	semistructured-interview	01:02:55	2	asymmetric	yes	fixed	2022	BO	0-Retired	F	emilia-romagna	over 85	yes	_	Riformulazione|Filler	_	quel nome proprio con le loro mani // il concorso della poesia // ho fatto una poesia // da da incidere sul monumento //	dunque	la poi è stata dedicata una parte della biblioteca // alla a una partigiana che ha voluto questo monumento // comunque
ParlaTO	PTD013	18-0	18-0	TOI111	https://search.corpuskiparla.it/corpus/player/player.cgi?code=PTD013&begin=87742&end=96610	semistructured-interview	00:20:25	2	asymmetric	yes	fixed	2019	TO	2-Professionals	F	piemonte	56-60	yes	Presa di turno	_	_	prima // e quelle che erano già qui sono anche cambiate // ehm quali sono i luoghi di ritrovo più frequentati? // mah //	dunque	d''estate la gente si ritrova un po'' di più anche nelle vie del paese nelle piazze del paese perché il comune organizza
ParlaTO	PTD013	36-1	36-1	TOI111	https://search.corpuskiparla.it/corpus/player/player.cgi?code=PTD013&begin=213558&end=223351	semistructured-interview	00:20:25	2	asymmetric	yes	fixed	2019	TO	2-Professionals	F	piemonte	56-60	yes	Presa di turno	Prolettico	_	// cioè nel senso se ti piace di più oggi vuol dire che son cambiate delle cose che l''hanno reso migliore // no ma // allora	dunque	il mio paese di oggi mi piace non per il clima non~ per l''aspetto architettonico ma mi piace perché conosco le persone //
ParlaTO	PTD013	185-0	185-0	TOI111	https://search.corpuskiparla.it/corpus/player/player.cgi?code=PTD013&begin=964136&end=967625	semistructured-interview	00:20:25	2	asymmetric	yes	fixed	2019	TO	2-Professionals	F	piemonte	56-60	yes	Presa di turno	Prolettico	_	ma poi ho tanti racconti sui bambini sui colleghi tantissimi // okay // ehm // cosa fai durante il tempo libero? // mh //	dunque	io sono un po'' pigra // e quindi io amo stare a casa io a casa sto tranquilla // eh posso alla fine ho poco tempo libero perché
KIP	BOC1002	46-0	46-0	BO087	https://search.corpuskiparla.it/corpus/player/player.cgi?code=BOC1002&begin=136607&end=140277	exam	00:28:44	2	asymmetric	yes	fixed	2018	BO	2-Professionals	M	emilia-romagna	41-45	yes	Presa di turno	_	_	e quelle delle traduzioni di opere letterarie a cura dim~ di masci maria rita e federico masini // quindi è secondaria //	dunque	un conto è dire che nel compilare una bibliografia // dice nella compilazione sono state consultate // un conto è dire
KIP	BOC1002	86-0	86-0	BO087	https://search.corpuskiparla.it/corpus/player/player.cgi?code=BOC1002&begin=268685&end=276050	exam	00:28:44	2	asymmetric	yes	fixed	2018	BO	2-Professionals	M	emilia-romagna	41-45	yes	Presa di turno	_	_	comunque un'' analisi diretta dei documenti ovviamente c'' è stata però // mh // eh // mi è rimasto questo dubbio insomma //	dunque	bisogna però capire una cosa questa è la bibliografia delle opere cinesi tradotte in italiano sì sì sì sì perfetto // sì
KIP	BOC1002	379-0	379-0	BO087	https://search.corpuskiparla.it/corpus/player/player.cgi?code=BOC1002&begin=925223&end=928492	exam	00:28:44	2	asymmetric	yes	fixed	2018	BO	2-Professionals	M	emilia-romagna	41-45	no	_	_	_	vuol dire che c'' è // febbraio // marzo // aprile maggio // giugno // mah particolare come periodicità sta rivista //	dunque	la cosa importante è che lei deve sapere di una rivista l'' anno // mh mh // lei lo sa // l'' annata // che non è detto sia l'' anno e
KIP	BOC1009	2-0	2-0	BO117	https://search.corpuskiparla.it/corpus/player/player.cgi?code=BOC1009&begin=3933&end=7308	exam	00:12:21	2	asymmetric	yes	fixed	2018	BO	2-Professionals	F	lombardia	36-40	yes	Presa di turno	_	_	// eh // posso pensarci un attimo? s~ // sì sì sì io scrivo qua lei ci pensi con comodo // va bene // va bene // okay // //	dunque	lei su quali manuali si è preparata da non frequentante? // su bianchi andorno emh // e poi penco e domaneschi // mhmh // e
ParlaTO	PTB024	18-0	18-0	TOI109	https://search.corpuskiparla.it/corpus/player/player.cgi?code=PTB024&begin=40726&end=41280	semistructured-interview	00:23:23	3	asymmetric	yes	fixed	2019	TO	0-Retired	F	veneto	76-80	yes	_	Filler	Marcatura dell'inferenza	// sì tutto quello che ti viene in mente // eh // coi miei genitori // mh // che // a quei tempi avevo diciassette anni //	dunque	// mh mh // mi ricordo benissimo // dove ci dove // siamo andati a abitare // mh mh // siamo andati a abitare nella zona di
ParlaTO	PTB024	616-2	616-2	TOI109	https://search.corpuskiparla.it/corpus/player/player.cgi?code=PTB024&begin=1091593&end=1095350	semistructured-interview	00:23:23	3	asymmetric	yes	fixed	2019	TO	0-Retired	F	veneto	76-80	yes	_	Riformulazione|Filler	_	con loro // ah // ma perché non aveva~ non avev~ eh e la macchina quando l''avevate // quando l''avete presa? // la macchina	dunque	mi sembra del sessan~ // sessanta nove? // sess~ sessantotto sessan~ // io mi ricordo sessantotto poi // ah ho capito //
ParlaTO	PTB024	710-0	710-0	TOI109	https://search.corpuskiparla.it/corpus/player/player.cgi?code=PTB024&begin=1258848&end=1261060	semistructured-interview	00:23:23	3	asymmetric	yes	fixed	2019	TO	0-Retired	F	veneto	76-80	yes	_	Prolettico|Filler	_	poi avete iniziato ad andare anche in altri in altri posti tipo in liguria? // eh beh in altri posti siamo andati // eh //	dunque	lì è cos''è nelle marche? // ma in liguria quando siete andati? // ah in liguria // liguria abbiamo iniziato // eh u~ devo
ParlaBO	PBB009	1455-0	1455-0	BOI028	https://search.corpuskiparla.it/corpus/player/player.cgi?code=PBB009&begin=3460122&end=3460873	semistructured-interview	01:12:38	3	asymmetric	yes	fixed	2022	BO	2-Professionals	F	molise	71-75	yes	_	Prolettico	_	c''è // sì // è bellissimo // no c''è stato un periodo che è stato pesante nel ah ecco alla fine degli anni ottanta // sì //	dunque	// negli anni ottanta c''avevo la polizia la camionetta delle po~ della polizia sempre sotto casa perchè c''era la sede
ParlaTO	TOD2011	135-2	135-2	TO047	https://search.corpuskiparla.it/corpus/player/player.cgi?code=TOD2011&begin=986882&end=995100	semistructured-interview	00:31:38	2	symmetric	yes	fixed	2018	TO	0-Students	F	sicilia	21-25	yes	Presa di turno	Filler	_	detto che ti piacerebbe andare a vivere all'' estero hai mai fatto viaggi non lo so in posti particolari // sì // e allora	dunque	eh i viaggi all'' estero che sono stati mh diciamo viaggi studio // eh risalgono tutti al periodo delle superiori ad
KIP	TOA1003	1394-0	1394-0	TO065	https://search.corpuskiparla.it/corpus/player/player.cgi?code=TOA1003&begin=2910302&end=2912779	office-hours	01:02:39	3	asymmetric	no	free	2019	TO	2-Professionals	M	piemonte	51-55	yes	_	Riformulazione	_	finiamo contemporaneamente t'' accompagno un pezzo così ti racconto che cosa ho fatto xxx // sì // allora // io credo di //	dunque	qui c'' è un equivoco probabilmente // nel senso che // ehm tutto questo // ha a che fare sicuramente con l'' idea che la
KIP	TOA1003	1628-4	1628-4	TO065	https://search.corpuskiparla.it/corpus/player/player.cgi?code=TOA1003&begin=3603560&end=3605928	office-hours	01:02:39	3	asymmetric	no	free	2019	TO	2-Professionals	M	piemonte	51-55	no	_	_	_	// e dunque la letteratura // è in grado di eclissare il dato banale // no // perché se lei lo scrive così // xxx // la parola e	dunque	la letteratura // sì non si capi~ // abbiamo un soggetto duplice // e il verbo deve essere plurale // xxx // plurale è vero
ParlaTO	PTD008	5-0	5-0	TOR001	https://search.corpuskiparla.it/corpus/player/player.cgi?code=PTD008&begin=9110&end=10380	semistructured-interview	00:31:09	3	asymmetric	yes	fixed	2019	TO	2-Professionals	F	lombardia	26-30	yes	Presa di turno	Introduzione o ripresa del topic	_	vi tengo prigionieri eh se poi dovete andare io non // sì no non vuoi passare // basta uno che si // okay // va benissimo //	dunque	in che zona di torino vivi? // parella // e hai sempre vissuto qui? // sì // da sempre? // da sempre // okay // nella stessa
KIP	TOA1001	293-3	293-3	TO026	https://search.corpuskiparla.it/corpus/player/player.cgi?code=TOA1001&begin=1217470&end=1219572	office-hours	00:36:22	2	asymmetric	no	free	2018	TO	2-Professionals	M	piemonte	41-45	yes	_	Filler	_	solo questo va'' come esempio buono // qua va bene // qui metterei sempre un tradizionalmente lì // qui lo eliminerei	dunque	qui // ma cioè // sono considerazioni eh // dunque ve~ // s~ s~ sono considerazioni diciamo valutative sul perché la
KIP	TOA1001	296-0	296-0	TO026	https://search.corpuskiparla.it/corpus/player/player.cgi?code=TOA1001&begin=1237153&end=1238096	office-hours	00:36:22	2	asymmetric	no	free	2018	TO	2-Professionals	M	piemonte	41-45	yes	_	Filler	_	// qui metterei sempre un tradizionalmente lì // qui lo eliminerei dunque qui // ma cioè // sono considerazioni eh //	dunque	ve~ // s~ s~ sono considerazioni diciamo valutative sul perché la tradizione di studi sul linguaggio giovanile in
ParlaBO	PBC008	127-0	127-0	BOI021	https://search.corpuskiparla.it/corpus/player/player.cgi?code=PBC008&begin=339360&end=346940	semistructured-interview	00:58:59	3	asymmetric	yes	fixed	2022	BO	0-Retired	F	emilia-romagna	71-75	yes	_	Riformulazione	_	sua casa di allora // a la mia casa di allora è la stessa casa di adesso a un piano diverso // ah // nel senso che // mhmh // eh //	dunque	quando io sono arrivata qua avevo tredic''anni e ero già proiettata avevo le amicizie fuori dal quartiere insomma // mh
ParlaBO	PBC008	704-0	704-0	BOI021	https://search.corpuskiparla.it/corpus/player/player.cgi?code=PBC008&begin=1700942&end=1701450	semistructured-interview	00:58:59	3	asymmetric	yes	fixed	2022	BO	0-Retired	F	emilia-romagna	71-75	yes	_	Riformulazione	_	noi faremo un un incontro su mh // primo levi viene una // vabbè // eh sì // eh noi poi abbiamo un rapporto particolare //	dunque	no // questa è // una delle cose // che intenzionalmente facciamo tutti gli anni è // questi due anni no // è un''iniziativa
KIP	TOA3008	595-4	595-4	TO050	https://search.corpuskiparla.it/corpus/player/player.cgi?code=TOA3008&begin=2378131&end=2388234	free-conversation	01:31:46	4	symmetric	no	free	2018	TO	0-Students	M	campania	21-25	no	_	_	_	me xx dei complimenti vivi perché secondo me loro // se ne sbattono le palle perché sono vecchi // più grandi adulti e	dunque	sono talmente abituati a queste conferenze che non hanno nemmeno pen~ non pensano nemmeno che tu tu che sei all'' inizio
ParlaBO	PBC012	210-5	210-5	BOI034	https://search.corpuskiparla.it/corpus/player/player.cgi?code=PBC012&begin=439896&end=445582	semistructured-interview	00:48:29	3	asymmetric	yes	fixed	2022	BO	0-Retired	M	emilia-romagna	over 85	yes	_	Filler	_	quanti anni avevi quando ti sei trasferito qui // quan~ // qui a bologna // a bologna proprio a bolo~ // no qua e guarda	dunque	su su e da~ dal quaran~ // mhmh // quara~ qua~ quaranta quaranta // dopo la guerra // nel quaranta? // quaranta x // dopo la
KIP	BOC1006	8-0	8-0	BO092	https://search.corpuskiparla.it/corpus/player/player.cgi?code=BOC1006&begin=18740&end=22860	exam	00:23:00	2	asymmetric	yes	fixed	2018	BO	2-Professionals	M	emilia-romagna	61-65	yes	_	Introduzione o ripresa del topic	_	posso entrare? xx grazie // prego prego si accomodi // buongiorno // buongiorno // alloramh // marta banchi // sì // sì //	dunque	marta tu porti il programma dell'' anno accademico duemilasedici duemiladiciassette // sì // dell''anno scorso //
KIP	BOC1006	17-2	17-2	BO092	https://search.corpuskiparla.it/corpus/player/player.cgi?code=BOC1006&begin=61188&end=64790	exam	00:23:00	2	asymmetric	yes	fixed	2018	BO	2-Professionals	M	emilia-romagna	61-65	yes	Presa di turno	Introduzione o ripresa del topic	_	// dell''anno scorso // quindi fai la prima parte con me // hai un documento? // sì // grazie // okay perfetto // allora // sì	dunque	la tua tesina l'' ho corretta io però te la commento dopo // okay // alla fine dell'' esame // ehmh dunque della par~ tu dai l''
KIP	BOC1006	20-3	20-3	BO092	https://search.corpuskiparla.it/corpus/player/player.cgi?code=BOC1006&begin=66750&end=70321	exam	00:23:00	2	asymmetric	yes	fixed	2018	BO	2-Professionals	M	emilia-romagna	61-65	yes	_	Introduzione o ripresa del topic|Filler	_	// allora // sì dunque la tua tesina l'' ho corretta io però te la commento dopo // okay // alla fine dell'' esame // ehmh	dunque	della par~ tu dai l'' esame da frequentante? // eh sì // devi darlo da frequentante hai portato per la mia parte sia le slide
ParlaTO	PTB025	184-9	184-9	TOI116	https://search.corpuskiparla.it/corpus/player/player.cgi?code=PTB025&begin=363030&end=367566	semistructured-interview	01:09:45	4	asymmetric	yes	fixed	2019	TO	0-Retired	F	piemonte	66-70	yes	_	Prolettico|Filler	_	eh eh io ho messo italiano eh // come come // mh // come volete // anche lui allora // eh no è nato città e provincia di nascita	dunque	papà è nato // a castell''alfero // parla a casa sua dialetto? sì // // parlicchia // qualche altra lingua // // // eh no xx
ParlaTO	PTB025	738-9	738-9	TOI117	https://search.corpuskiparla.it/corpus/player/player.cgi?code=PTB025&begin=1552066&end=1556009	semistructured-interview	01:09:45	4	asymmetric	yes	fixed	2019	TO	0-Retired	M	piemonte	71-75	yes	_	Riformulazione	_	// // eh però // // ma eh lei lavorava sempre in quartiere anche lei oppure altrove? // no no allora io la la zona di lavo~	dunque	// partiamo dall''inizio // mh // io ho cominciato nel settantacinque // e e ho insegnato nove anni fino
ParlaTO	PTB025	1328-1	1328-1	TOI117	https://search.corpuskiparla.it/corpus/player/player.cgi?code=PTB025&begin=2929170&end=2930370	semistructured-interview	01:09:45	4	asymmetric	yes	fixed	2019	TO	0-Retired	M	piemonte	71-75	yes	_	Filler	_	se li prende eh cioè non // non non disdegna niente eh non disdegna niente // no // sì sì no no ma io son fatto così // xx // eh	dunque	// mh come dicevi? cosa cosa fate dopo la pensione // dopo // sì // allora // tanto per cominciare premetto una cosa ma non
ParlaTO	PTB025	1487-0	1487-0	TOI117	https://search.corpuskiparla.it/corpus/player/player.cgi?code=PTB025&begin=3306999&end=3309693	semistructured-interview	01:09:45	4	asymmetric	yes	fixed	2019	TO	0-Retired	M	piemonte	71-75	yes	_	Prolettico	_	attivo infatti il prezzemolo // // no no no // un po'' dappertutto // allora allora allora io se volete // xxx // saperlo //	dunque	io vado è vero a dormire // nove n~ no~ nove e mezza esagera alle dieci // sì va va lascia perdere va // però io non adesso da
KIP	TOC1002	262-0	262-0	TO006	https://search.corpuskiparla.it/corpus/player/player.cgi?code=TOC1002&begin=1126870&end=1134501	exam	00:20:06	2	asymmetric	yes	fixed	2018	TO	2-Professionals	M	piemonte	56-60	yes	Presa di turno	Introduzione o ripresa del topic	_	responsabilità di quello che fa e l'' assemblea che eventualmente lo sanziona ma non può comandarlo // mh mh // ehm //	dunque	abbiamo detto tutto sul rapporto sugli amministratori direi di sì abbiamo chiarito la nomina la revoca una cosa ci
KIP	BOC1005	177-6	177-6	BO104	https://search.corpuskiparla.it/corpus/player/player.cgi?code=BOC1005&begin=655958&end=660340	exam	00:26:22	2	asymmetric	yes	fixed	2018	BO	2-Professionals	F	emilia-romagna	36-40	yes	_	Riformulazione	_	senso che si dovrebbe attenere appunto a valutare ciò per cui è stato costruito il test // sì quindi diciamo allora il c~	dunque	il la validità è un concetto estremamente ampio // l~ una piccola parte del concetto di validità che è quello che tu hai
KIP	BOD1010	522-1	522-1	BO103	https://search.corpuskiparla.it/corpus/player/player.cgi?code=BOD1010&begin=2283400&end=2284928	lecture	01:49:14	1	asymmetric	no	fixed	2018	BO	2-Professionals	M	lazio	51-55	yes	_	Filler	_	quindi fa re quino primo si di bemolle quinto primo di sol bemolle quinto primo di re // okay? // quindi la cosa suona // // e	dunque	no // e poi lui fa // // chiaro? // seconde quattro battute // cioè lui avrebbe potuto spalmarlo su quattro battute invece
KIP	BOD1010	577-1	577-1	BO103	https://search.corpuskiparla.it/corpus/player/player.cgi?code=BOD1010&begin=2556063&end=2557671	lecture	01:49:14	1	asymmetric	no	fixed	2018	BO	2-Professionals	M	lazio	51-55	yes	_	Filler	_	non te le chiede nessuno però // si fanno // capita di ascoltarle // a volte anche proprio come omaggio a coltrane // ehm	dunque	// gli ho fatto dimenticare le cose // sì bra~ bravo difendimi difendimi // allora ehm // c'' è infine // infine c'' è prima di
KIP	BOA3017	917-5	917-5	BO139	https://search.corpuskiparla.it/corpus/player/player.cgi?code=BOA3017&begin=1417530&end=1419255	free-conversation	00:30:22	4	symmetric	no	free	2019	BO	0-Students	M	emilia-romagna	21-25	yes	_	Filler	_	altra della lindt? // sì // no però tipo l'' ultima era abbastanza formale quindi era piena di // ehmh // no no certo no sì	dunque	// no che palle cazzo // eh // adesso mi divertirò anche riascoltando l'' audio di // // questa è molto più colorita // //
KIP	BOD1005	381-0	381-0	BO094	https://search.corpuskiparla.it/corpus/player/player.cgi?code=BOD1005&begin=1538907&end=1545862	lecture	01:24:55	1	asymmetric	no	fixed	2018	BO	2-Professionals	F	toscana	66-70	yes	_	Introduzione o ripresa del topic	_	// allora dopo aver discusso la cosa anche col dottor rossi vediamo di // trovare una soluzione equa per tutti //	dunque	la distanza fra il dicio~ diciannove dicembre e il diciotto gennaio // è praticamente di due settimane lavorative //
KIP	BOD1005	597-7	597-7	BO094	https://search.corpuskiparla.it/corpus/player/player.cgi?code=BOD1005&begin=2432293&end=2439707	lecture	01:24:55	1	asymmetric	no	fixed	2018	BO	2-Professionals	F	toscana	66-70	no	_	_	_	a è derivabile capito ora questo lo leggo come derivabile // se a è derivabile da gamma uno // e bi è derivabile da gamma due	dunque	la loro congiunzione è derivabile da gamma uno e gamma due e è zero // quindi tutte le regole che vi abbiamo dato //
KIP	BOD1005	664-3	664-3	BO094	https://search.corpuskiparla.it/corpus/player/player.cgi?code=BOD1005&begin=2673392&end=2678522	lecture	01:24:55	1	asymmetric	no	fixed	2018	BO	2-Professionals	F	toscana	66-70	yes	_	Introduzione o ripresa del topic|Filler	_	della logica va bene dove voi avete visto una formula molto piccola ma almeno // un'' idea // ve la siete fatta // va bene eh	dunque	io direi a questo punto forse di // a meno che non abbiate domande sulla dimostrazione del teorema di validità // eh //
KIP	BOD1005	695-0	695-0	BO094	https://search.corpuskiparla.it/corpus/player/player.cgi?code=BOD1005&begin=2800658&end=2802013	lecture	01:24:55	1	asymmetric	no	fixed	2018	BO	2-Professionals	F	toscana	66-70	yes	Presa di turno	Introduzione o ripresa del topic|Filler	_	insieme al foglio con le domande e fate lì // poi quello che voi non volete che io legga // xx sopra e basta // va bene? // oh //	dunque	eh // diciamo vorrei un atti~ diciamo ci sono due argomenti // di cu~ che vorrei trattare oggi // uno // è se volete un
ParlaBO	PBB031	736-0	736-0	BOI108	https://search.corpuskiparla.it/corpus/player/player.cgi?code=PBB031&begin=1395030&end=1398040	semistructured-interview	00:49:58	3	asymmetric	yes	fixed	2024	BO	5-Service-Workers	F	emilia-romagna	56-60	yes	_	Filler	_	sì // e quindi c''é anche quell''aspetto l''altra faccia della medaglia sicuramente // che non è // eh sempre positivo //	dunque	mh direi che // eh // fa un po'' parte della // di questi cambiamenti ecco // de // sì sì sì sì // mh // che mh ecco non abi~ non
ParlaBO	PBC021	148-0	148-0	BOI051	https://search.corpuskiparla.it/corpus/player/player.cgi?code=PBC021&begin=299120&end=302460	semistructured-interview	00:51:51	2	asymmetric	yes	fixed	2022	BO	0-Retired	F	emilia-romagna	76-80	yes	_	Riformulazione	_	per delle scuole sì facevamo da mangiare per le scuole // e prima // mh lavoravi sempre lì oppure // no prima ho fatto //	dunque	da da ragazzina il primo lavoro è stato // ho fatto un po'' la sarta // ma ero una bambina allora avevo dodici anni // sì sì // e
ParlaTO	PTD004	1052-2	1052-2	TOI042	https://search.corpuskiparla.it/corpus/player/player.cgi?code=PTD004&begin=1615373&end=1617411	semistructured-interview	01:15:14	4	asymmetric	yes	fixed	2019	TO	0-Retired	M	piemonte	66-70	yes	_	Prolettico|Filler	_	anni settanta era ancora così // anni settanta no // c''era ancora un ambiente molto // eh // era ancora così // ruspante mh	dunque	// eh // mio padre che era lì sempre per // perché il comune era era lì no // e combinazione ehm all''epoca fumava // la
ParlaBO	PBB006	590-0	590-0	BOI020	https://search.corpuskiparla.it/corpus/player/player.cgi?code=PBB006&begin=2289093&end=2291221	semistructured-interview	01:00:07	2	asymmetric	yes	fixed	2022	BO	2-Professionals	M	emilia-romagna	51-55	yes	Presa di turno	Filler	_	di prima // eh di anpi // volevo chiederle come ha conosciuto anpi // eh x x xx non lo so eh per caso ha xxx con loro? //	dunque	adesso ci penso un attimo // la prima sì aspetta // la prima cosa che abbiamo fatto con anpi // xxx con anpi del quartiere xx
ParlaBO	PBB019	343-1	343-1	BOI057	https://search.corpuskiparla.it/corpus/player/player.cgi?code=PBB019&begin=1075170&end=1079746	semistructured-interview	00:30:45	2	asymmetric	yes	fixed	2022	BO	2-Professionals	F	emilia-romagna	51-55	yes	_	Riformulazione	_	// sì sì sì // quello già rientra quelli già rientrano nella biografia // quindi non t~ n~ è diviso a metà tra // però	dunque	diciamo dovrebbere essere un film un f~ un festival di film indipendenti // ah okay // per cui non prendere quelli di
KIP	TOD1002	#CHECK	#CHECK	_	https://search.corpuskiparla.it/corpus/player/player.cgi?code=TOD1002&begin=3125510&end=3126810	lecture	01:29:28	1	asymmetric	no	fixed	2018	TO	_	_	_	_	no	_	_	_	// alla musica // che cosa comunica la musica // moltissimo // ma che non si può // tradurre in un altro linguaggio // se uno		
KIP	TOC1003	236-0	236-0	TO006	https://search.corpuskiparla.it/corpus/player/player.cgi?code=TOC1003&begin=771934&end=779593	exam	00:17:47	2	asymmetric	yes	fixed	2018	TO	2-Professionals	M	piemonte	56-60	yes	_	Riformulazione	_	ehmh è stato deciso così punto e basta sono le società quotate // si ricorda qualche tipo? ah mi scusi // posso? //	dunque	dicevamo ormai credo che abbiamo esaurito ci resterebbe da dire qualche tipo di categori~ qualche categoria di
KIP	BOC1004	396-0	396-0	BO091	https://search.corpuskiparla.it/corpus/player/player.cgi?code=BOC1004&begin=1053589&end=1055642	exam	00:20:03	2	asymmetric	yes	fixed	2018	BO	0-Students	M	emilia-romagna	21-25	no	_	_	_	idea di trovare // ehmh un manuale che gli dia una mano ad esempio neleh // comprendere meglio il latino // quindi eh //	dunque	nel caso di manuale and latino // tenta di restringere xxx invece // in quello che allarga tendenzialmente ancora c'' ha
ParlaTO	TOD2008	44-0	44-0	TO044	https://search.corpuskiparla.it/corpus/player/player.cgi?code=TOD2008&begin=110133&end=111626	semistructured-interview	00:29:54	2	symmetric	yes	fixed	2018	TO	0-Students	F	piemonte	21-25	yes	_	Prolettico|Filler	_	anno quindi dovrei aspetta~ // okay // okay // cosa vorresti fare da grande? // eh non lo so // okay // vorrei magari ehmh //	dunque	magari fare la // cioÃ¨ ovviamente vorrei fare qualcosa relazionato con le lingue perÃ² non so bene ancora cosa // okay //
ParlaBO	PBB009	273-0	273-0	BOI028	https://search.corpuskiparla.it/corpus/player/player.cgi?code=PBB009&begin=648295&end=655126	semistructured-interview	01:12:38	3	asymmetric	yes	fixed	2022	BO	2-Professionals	F	molise	71-75	yes	_	Prolettico	_	// ho iniziato lavorando usando come mediazione nella relazione per entrare a contatto con queste persone che p~ //	dunque	una premessa queste persone erano persone che avevano trent''anni d''istituzionalizzazione // mh // quindi
KIP	TOC1002	2-0	2-0	TO006	https://search.corpuskiparla.it/corpus/player/player.cgi?code=TOC1002&begin=3680&end=8110	exam	00:20:06	2	asymmetric	yes	fixed	2018	TO	2-Professionals	M	piemonte	56-60	yes	_	Prolettico	_	mio figlio // che Ã¨ tanto che non lo sento // // ehm // no eh // no niente // ba~ // bene allora buonasera // buonasera a lei //	dunque	lei ha giÃ  sostenuto una parte del programma in questo caso particolare porta soltanto // sÃ¬ tutto ileh // tutta la parte
KIP	BOA1014	80-0	80-0	BO044	https://search.corpuskiparla.it/corpus/player/player.cgi?code=BOA1014&begin=178190&end=180530	office-hours	00:04:15	2	asymmetric	no	free	2018	BO	0-Students	F	sicilia	26-30	no	_	_	_	tre le tesine che devono arrivare per questo appello tenga conto // un giorno prima? // okay // due uno due giorni prima //	dunque	la porto pure la porto in cartaceo // e la porta anche in cartaceo sÃ¬ // va bene // quindi io dev~ io rimango sempre con la
ParlaTO	PTA005	120-1	120-1	TOR001	https://search.corpuskiparla.it/corpus/player/player.cgi?code=PTA005&begin=186001&end=188806	semistructured-interview	01:44:43	3	asymmetric	yes	fixed	2019	TO	2-Professionals	F	lombardia	26-30	yes	Presa di turno	_	_	chiudiamo alle sette per i clienti e poi se c''Ã¨ ancora qualcosa da fare // rimani // piÃ¹ o meno alle sette dai // okay // ehm	dunque	lavori in proprioo sei un dipendente? // lavoro dipendente tra virgolette // ma non Ã¨ cosÃ¬ Ã¨ di famiglia e quindi // non Ã¨
ParlaBO	PBC022	18-1	18-1	BOI055	https://search.corpuskiparla.it/corpus/player/player.cgi?code=PBC022&begin=41767&end=46000	semistructured-interview	00:36:38	2	asymmetric	yes	fixed	2022	BO	0-Retired	F	emilia-romagna	76-80	yes	_	Prolettico|Filler	_	alle otto // mh // questo perÃ² non Ã¨ ade~ e non Ã¨ dei tempi eh // no quando andavi te a lavorare che anno era piÃ¹ o meno? // eh	dunque	io avevo diciott''anni eh nel sessanta // mh va bene // mh // e quindi andavi andavi in treno giÃ¹ a bologna? // andavo in
ParlaTO	PTB025	291-0	291-0	TOR001	https://search.corpuskiparla.it/corpus/player/player.cgi?code=PTB025&begin=541319&end=541690	semistructured-interview	01:09:45	4	asymmetric	yes	fixed	2019	TO	2-Professionals	F	lombardia	26-30	yes	Presa di turno	_	_	torino no? // sÃ¬ sÃ¬ // mh quindi // vai l~la~ la~ lascia a lui la parola che xxxx // ah xxxxxx // // cosa xx // // diteci tutto //	dunque	// allora // ah in che quartiere di torino vivete? // quartiere vanchiglietta // vanchiglietta // okay // avete sempre
ParlaTO	PTB018	732-0	732-0	TOI056	https://search.corpuskiparla.it/corpus/player/player.cgi?code=PTB018&begin=1755680&end=1758195	semistructured-interview	00:54:46	2	asymmetric	yes	fixed	2019	TO	0-Retired	F	piemonte	over85	yes	Presa di turno	Filler	_	mano // sÃ¬ // dovrei avere anche i documenti di questa cosa // // io non sapevo che era questo che le interessava // sÃ¬ // //	dunque	queste sono i centro donna // okay // i documenti // wow // e questa la barriera x // mh mh // ah con tutti i programmi che
ParlaTO	PTD004	219-0	219-0	TOR001	https://search.corpuskiparla.it/corpus/player/player.cgi?code=PTD004&begin=367808&end=370843	semistructured-interview	01:15:14	4	asymmetric	yes	fixed	2019	TO	2-Professionals	F	lombardia	26-30	yes	_	Filler	_	// mh mh // sÃ¬ sÃ¬ Ã¨ molto molto aumentato // si vede che quella araba Ã¨ cresciuta moltissimo // mhmhmh // okay // ehm //	dunque	avete sempre vissuto nei in questi quartieri? // io no // okay // io nemmeno // va bene quindi // dove stavate prima? // vai
ParlaBO	PBB020	707-10	707-10	BOR017	https://search.corpuskiparla.it/corpus/player/player.cgi?code=PBB020&begin=1584760&end=1587894	semistructured-interview	00:33:08	2	asymmetric	yes	fixed	2022	BO	3-Technicians	M	sicilia	21-25	no	_	_	_	andar sÃ² eh oh si fa della fatica per niente ecco // // vero // verissimo // ma ho visto che prima hai citato il cibo passiamo	dunque	al cibo // sono bolognese per forza // parliamo parliamo allora dei piatti tipici bolognesi // allora // non credere a
ParlaTO	PTA012	1-0	1-0	TOR001	https://search.corpuskiparla.it/corpus/player/player.cgi?code=PTA012&begin=5290&end=7470	semistructured-interview	00:30:28	3	asymmetric	yes	fixed	2019	TO	2-Professionals	F	lombardia	26-30	yes	Presa di turno	Filler	_	// sÃ¬ no non voglio trattenerti piÃ¹ del dovuto che giÃ  // xxx // // io mi ri~ mi prendo anche un altro caffÃ¨ adesso // okay //	dunque	adesso tu stai lavorando oppure no? // in questo momento io sono disoccupato // okay e stai cercando? // e sono in cerca di
KIP	TOD1002	1041-3	1041-3	TO004	https://search.corpuskiparla.it/corpus/player/player.cgi?code=TOD1002&begin=3125510&end=3126810	lecture	01:29:28	1	asymmetric	no	fixed	2018	TO	2-Professionals	M	N/A	N/A	no	_	_	_	volta che avete // che andate a fondo // togliete tutti questi elementi che sapete che sono // accessori // e arrivate al	dunque	// alla musica // che cosa comunica la musica // moltissimo // ma che non si puÃ² // tradurre in un altro linguaggio // se uno
KIP	BOC1005	326-0	326-0	BO104	https://search.corpuskiparla.it/corpus/player/player.cgi?code=BOC1005&begin=1177876&end=1179261	exam	00:26:22	2	asymmetric	yes	fixed	2018	BO	2-Professionals	F	emilia-romagna	36-40	yes	Presa di turno	_	_	allora ti vorrei fare un'' altra domanda perÃ² eh senza // senza metterti in difficoltÃ  rispetto alle slide perÃ² perchÃ¨ //	dunque	sulla // sulla didattica con le tecnologie che articoli hai portato? // che articoli? // sÃ¬ // hai portato ah daccordo //
KIPasti	KPS008	183-3	183-3	PKP040	https://search.corpuskiparla.it/corpus/player/player.cgi?code=KPS008&begin=907910&end=915000	free-conversation	00:29:53	3	symmetric	no	free	2020	BR	4-Clerical-Workers	F	estero	51-55	yes	_	Prolettico	_	presente // perchÃ¨ fanno vedere il monopattino? // #un xx teni quistu a ventisette anni // ha scritto questa qua // st~ ma	dunque	mala situazione Ã¨ molto seria ieri appena arrivata mi hanno fatto eccezionalmente entrare in terapia intensiva // ho
KIP	TOD1015	0-0	0-0	TO069	https://search.corpuskiparla.it/corpus/player/player.cgi?code=TOD1015&begin=1820&end=4530	lecture	02:16:58	1	asymmetric	no	fixed	2019	TO	2-Professionals	M	calabria	46-50	yes	Presa di turno	Filler	_	riesco a fare oggi // immondizia // cazzo devo ritirare i jeans che ho fuori da due giorni // si saranno asciugati direi //	dunque	oggi iniziamo a entrare in medias res // diciamo entriamo negli argomenti piÃ¹ specifici // ieri abbiamo fatto una
KIP	TOD1015	1912-1	1912-1	TO069	https://search.corpuskiparla.it/corpus/player/player.cgi?code=TOD1015&begin=7657218&end=7659624	lecture	02:16:58	1	asymmetric	no	fixed	2019	TO	2-Professionals	M	calabria	46-50	no	_	_	_	// perchÃ© cosÃ¬ come dov'' Ã¨ religione di presuppone ogni bene // dove quella manca si presuppone il contrario // abbiamo	dunque	noi italiani // con la chiesa e con i preti // questo primo obbligo di essere diventati senza religione e cattivi // ma ne
ParlaBO	PBB025	288-0	288-0	BOI092	https://search.corpuskiparla.it/corpus/player/player.cgi?code=PBB025&begin=969747&end=972012	semistructured-interview	00:45:12	2	asymmetric	yes	fixed	2023	BO	6-Craft-Workers	F	emilia-romagna	51-55	yes	_	Filler	_	l''ultima volta // insomma festeggio // allora l''anno scorso // aspetta che anche lÃ¬ abbiamo dei problemi di memoria //	dunque	dunque dunque dunque dunque dunque // cos''abbiam fatto l''anno scorso // intanto verso un po'' di tÃ¨ // e da // mi ricordo da
ParlaBO	PBB025	288-0	288-0	BOI092	https://search.corpuskiparla.it/corpus/player/player.cgi?code=PBB025&begin=969747&end=972012	semistructured-interview	00:45:12	2	asymmetric	yes	fixed	2023	BO	6-Craft-Workers	F	emilia-romagna	51-55	yes	_	Filler	_	volta // insomma festeggio // allora l''anno scorso // aspetta che anche lÃ¬ abbiamo dei problemi di memoria // dunque	dunque	dunque dunque dunque dunque // cos''abbiam fatto l''anno scorso // intanto verso un po'' di tÃ¨ // e da // mi ricordo da gatto
ParlaTO	PTA006	1038-0	1038-0	TOR001	https://search.corpuskiparla.it/corpus/player/player.cgi?code=PTA006&begin=2592964&end=2594761	semistructured-interview	01:05:12	3	asymmetric	yes	fixed	2019	TO	2-Professionals	F	lombardia	26-30	yes	Presa di turno	Introduzione o ripresa del topic	_	lÃ¬ // ma adesso mi Ã¨ venuto in mente // aldo baglio // quello con la scimmia no? // dal bagno // ma non quello con la // sÃ¬ //	dunque	cosa fai durante il tuo tempo libero? // schifo // // che faccio leggo // musica sport? // musica sport // okay // cosa
KIP	TOD1008	1276-0	1276-0	TO062	https://search.corpuskiparla.it/corpus/player/player.cgi?code=TOD1008&begin=3024602&end=3026897	lecture	01:33:50	1	asymmetric	no	fixed	2019	TO	2-Professionals	F	valle-d-aosta	51-55	yes	_	Introduzione o ripresa del topic	_	Ã¨ solo una persona che l'' ha dato comunque // lo do ehm // descriverÃ² delle cose // che non posso dare per per conosciute //	dunque	no chi non era del terzo anno // nÃ© del secondo anno di lettere? filosofia // e altri? // sÃ¬? // io faccio l'' erasmus // e ah e
KIP	TOA1004	3-0	3-0	TO073	https://search.corpuskiparla.it/corpus/player/player.cgi?code=TOA1004&begin=2400&end=4592	office-hours	00:37:16	3	asymmetric	no	free	2019	TO	0-Students	F	piemonte	21-25	yes	Presa di turno	Filler	_	// sÃ¬ quindi c''Ã¨ tempo // ma non non c''ho urgenza ades~ sÃ¬ sÃ¬ non c''Ã¨ urgenza // bene allora mi dica tutto // allora // sÃ¬ //	dunque	io homh // ho svolto eh due anni fa un periodo di mobilitÃ  all'' estero // sÃ¬ // con il programma erasmus // certo // sotto la
ParlaTO	PTB009	506-1	506-1	TOR001	https://search.corpuskiparla.it/corpus/player/player.cgi?code=PTB009&begin=999677&end=1001193	semistructured-interview	00:47:05	3	asymmetric	yes	fixed	2019	TO	2-Professionals	F	lombardia	26-30	yes	_	Prolettico|Filler	_	se no io vado avanti per quartiere // eh no xxx magari no // allora perchÃ© in realtÃ  siam partiti subito con la guerra // e	dunque	// torniamo quindi al al quartiere di torino // ma in realtÃ  sÃ¬ // dopo dopo la guerra // xxx sÃ¬ puoi dire // perchÃ© poi dopo
KIP	TOA1003	1623-1	1623-1	TO065	https://search.corpuskiparla.it/corpus/player/player.cgi?code=TOA1003&begin=3594637&end=3596615	office-hours	01:02:39	3	asymmetric	no	free	2019	TO	2-Professionals	M	piemonte	51-55	no	_	_	_	innalzare l'' arte della parola mediante l'' atto diegetico // va bene // e fin qua ci siamo // dimostrando che la parola // e	dunque	la letteratura // Ã¨ in grado di eclissare il dato banale // no // perchÃ© se lei lo scrive cosÃ¬ // xxx // la parola e dunque la
_		#CHECK	#CHECK	_		_	_	_	_	_	_	_	_	_	_	_	_	no	_	_	_			
_		#CHECK	#CHECK	_		_	_	_	_	_	_	_	_	_	_	_	_	no	_	_	_			
_		#CHECK	#CHECK	_		_	_	_	_	_	_	_	_	_	_	_	_	no	_	_	_			
_		#CHECK	#CHECK	_		_	_	_	_	_	_	_	_	_	_	_	_	no	_	_	_			
_		#CHECK	#CHECK	_		_	_	_	_	_	_	_	_	_	_	_	_	no	_	_	_			
_		#CHECK	#CHECK	_		_	_	_	_	_	_	_	_	_	_	_	_	no	_	_	_			
_		#CHECK	#CHECK	_		_	_	_	_	_	_	_	_	_	_	_	_	no	_	_	_			
_		#CHECK	#CHECK	_		_	_	_	_	_	_	_	_	_	_	_	_	no	_	_	_			
_		#CHECK	#CHECK	_		_	_	_	_	_	_	_	_	_	_	_	_	no	_	_	_			
_		#CHECK	#CHECK	_		_	_	_	_	_	_	_	_	_	_	_	_	no	_	_	_			
_		#CHECK	#CHECK	_		_	_	_	_	_	_	_	_	_	_	_	_	no	_	_	_			
_		#CHECK	#CHECK	_		_	_	_	_	_	_	_	_	_	_	_	_	no	_	_	_			
_		#CHECK	#CHECK	_		_	_	_	_	_	_	_	_	_	_	_	_	no	_	_	_			
_		#CHECK	#CHECK	_		_	_	_	_	_	_	_	_	_	_	_	_	no	_	_	_			
_		#CHECK	#CHECK	_		_	_	_	_	_	_	_	_	_	_	_	_	no	_	_	_			
_		#CHECK	#CHECK	_		_	_	_	_	_	_	_	_	_	_	_	_	no	_	_	_			
_		#CHECK	#CHECK	_		_	_	_	_	_	_	_	_	_	_	_	_	no	_	_	_			
_		#CHECK	#CHECK	_		_	_	_	_	_	_	_	_	_	_	_	_	no	_	_	_			
_		#CHECK	#CHECK	_		_	_	_	_	_	_	_	_	_	_	_	_	no	_	_	_			
_		#CHECK	#CHECK	_		_	_	_	_	_	_	_	_	_	_	_	_	no	_	_	_			
_		#CHECK	#CHECK	_		_	_	_	_	_	_	_	_	_	_	_	_	no	_	_	_			
_		#CHECK	#CHECK	_		_	_	_	_	_	_	_	_	_	_	_	_	no	_	_	_			
_		#CHECK	#CHECK	_		_	_	_	_	_	_	_	_	_	_	_	_	no	_	_	_			
_		#CHECK	#CHECK	_		_	_	_	_	_	_	_	_	_	_	_	_	no	_	_	_			
_		#CHECK	#CHECK	_		_	_	_	_	_	_	_	_	_	_	_	_	no	_	_	_			
_		#CHECK	#CHECK	_		_	_	_	_	_	_	_	_	_	_	_	_	no	_	_	_			
_		#CHECK	#CHECK	_		_	_	_	_	_	_	_	_	_	_	_	_	no	_	_	_			
_		#CHECK	#CHECK	_		_	_	_	_	_	_	_	_	_	_	_	_	no	_	_	_			
_		#CHECK	#CHECK	_		_	_	_	_	_	_	_	_	_	_	_	_	no	_	_	_			
_		#CHECK	#CHECK	_		_	_	_	_	_	_	_	_	_	_	_	_	no	_	_	_			
_		#CHECK	#CHECK	_		_	_	_	_	_	_	_	_	_	_	_	_	no	_	_	_			
_		#CHECK	#CHECK	_		_	_	_	_	_	_	_	_	_	_	_	_	no	_	_	_			
_		#CHECK	#CHECK	_		_	_	_	_	_	_	_	_	_	_	_	_	no	_	_	_			
_		#CHECK	#CHECK	_		_	_	_	_	_	_	_	_	_	_	_	_	no	_	_	_			
_		#CHECK	#CHECK	_		_	_	_	_	_	_	_	_	_	_	_	_	no	_	_	_			
_		#CHECK	#CHECK	_		_	_	_	_	_	_	_	_	_	_	_	_	no	_	_	_			
_		#CHECK	#CHECK	_		_	_	_	_	_	_	_	_	_	_	_	_	no	_	_	_			
_		#CHECK	#CHECK	_		_	_	_	_	_	_	_	_	_	_	_	_	no	_	_	_			
_		#CHECK	#CHECK	_		_	_	_	_	_	_	_	_	_	_	_	_	no	_	_	_			
_		#CHECK	#CHECK	_		_	_	_	_	_	_	_	_	_	_	_	_	no	_	_	_			
_		#CHECK	#CHECK	_		_	_	_	_	_	_	_	_	_	_	_	_	no	_	_	_			
_		#CHECK	#CHECK	_		_	_	_	_	_	_	_	_	_	_	_	_	no	_	_	_			
_		#CHECK	#CHECK	_		_	_	_	_	_	_	_	_	_	_	_	_	no	_	_	_			
_		#CHECK	#CHECK	_		_	_	_	_	_	_	_	_	_	_	_	_	no	_	_	_			
_		#CHECK	#CHECK	_		_	_	_	_	_	_	_	_	_	_	_	_	no	_	_	_			
_		#CHECK	#CHECK	_		_	_	_	_	_	_	_	_	_	_	_	_	no	_	_	_			
_		#CHECK	#CHECK	_		_	_	_	_	_	_	_	_	_	_	_	_	no	_	_	_			
_		#CHECK	#CHECK	_		_	_	_	_	_	_	_	_	_	_	_	_	no	_	_	_			
_		#CHECK	#CHECK	_		_	_	_	_	_	_	_	_	_	_	_	_	no	_	_	_			
_		#CHECK	#CHECK	_		_	_	_	_	_	_	_	_	_	_	_	_	no	_	_	_			
_		#CHECK	#CHECK	_		_	_	_	_	_	_	_	_	_	_	_	_	no	_	_	_			
_		#CHECK	#CHECK	_		_	_	_	_	_	_	_	_	_	_	_	_	no	_	_	_			
_		#CHECK	#CHECK	_		_	_	_	_	_	_	_	_	_	_	_	_	no	_	_	_			
_		#CHECK	#CHECK	_		_	_	_	_	_	_	_	_	_	_	_	_	no	_	_	_			
_		#CHECK	#CHECK	_		_	_	_	_	_	_	_	_	_	_	_	_	no	_	_	_			
_		#CHECK	#CHECK	_		_	_	_	_	_	_	_	_	_	_	_	_	no	_	_	_			
_		#CHECK	#CHECK	_		_	_	_	_	_	_	_	_	_	_	_	_	no	_	_	_			
_		#CHECK	#CHECK	_		_	_	_	_	_	_	_	_	_	_	_	_	no	_	_	_			
_		#CHECK	#CHECK	_		_	_	_	_	_	_	_	_	_	_	_	_	no	_	_	_			
_		#CHECK	#CHECK	_		_	_	_	_	_	_	_	_	_	_	_	_	no	_	_	_			
_		#CHECK	#CHECK	_		_	_	_	_	_	_	_	_	_	_	_	_	no	_	_	_			
_		#CHECK	#CHECK	_		_	_	_	_	_	_	_	_	_	_	_	_	no	_	_	_			
_		#CHECK	#CHECK	_		_	_	_	_	_	_	_	_	_	_	_	_	no	_	_	_			
_		#CHECK	#CHECK	_		_	_	_	_	_	_	_	_	_	_	_	_	no	_	_	_			
_		#CHECK	#CHECK	_		_	_	_	_	_	_	_	_	_	_	_	_	no	_	_	_			
_		#CHECK	#CHECK	_		_	_	_	_	_	_	_	_	_	_	_	_	no	_	_	_			
_		#CHECK	#CHECK	_		_	_	_	_	_	_	_	_	_	_	_	_	no	_	_	_			
_		#CHECK	#CHECK	_		_	_	_	_	_	_	_	_	_	_	_	_	no	_	_	_			
_		#CHECK	#CHECK	_		_	_	_	_	_	_	_	_	_	_	_	_	no	_	_	_			
_		#CHECK	#CHECK	_		_	_	_	_	_	_	_	_	_	_	_	_	no	_	_	_			
_		#CHECK	#CHECK	_		_	_	_	_	_	_	_	_	_	_	_	_	no	_	_	_			
_		#CHECK	#CHECK	_		_	_	_	_	_	_	_	_	_	_	_	_	no	_	_	_			
_		#CHECK	#CHECK	_		_	_	_	_	_	_	_	_	_	_	_	_	no	_	_	_			
_		#CHECK	#CHECK	_		_	_	_	_	_	_	_	_	_	_	_	_	no	_	_	_			
_		#CHECK	#CHECK	_		_	_	_	_	_	_	_	_	_	_	_	_	no	_	_	_			
_		#CHECK	#CHECK	_		_	_	_	_	_	_	_	_	_	_	_	_	no	_	_	_			
_		#CHECK	#CHECK	_		_	_	_	_	_	_	_	_	_	_	_	_	no	_	_	_			
_		#CHECK	#CHECK	_		_	_	_	_	_	_	_	_	_	_	_	_	no	_	_	_			
_		#CHECK	#CHECK	_		_	_	_	_	_	_	_	_	_	_	_	_	no	_	_	_			
_		#CHECK	#CHECK	_		_	_	_	_	_	_	_	_	_	_	_	_	no	_	_	_			
_		#CHECK	#CHECK	_		_	_	_	_	_	_	_	_	_	_	_	_	no	_	_	_			
_		#CHECK	#CHECK	_		_	_	_	_	_	_	_	_	_	_	_	_	no	_	_	_			
_		#CHECK	#CHECK	_		_	_	_	_	_	_	_	_	_	_	_	_	no	_	_	_			
_		#CHECK	#CHECK	_		_	_	_	_	_	_	_	_	_	_	_	_	no	_	_	_			
_		#CHECK	#CHECK	_		_	_	_	_	_	_	_	_	_	_	_	_	no	_	_	_			
_		#CHECK	#CHECK	_		_	_	_	_	_	_	_	_	_	_	_	_	no	_	_	_			
_		#CHECK	#CHECK	_		_	_	_	_	_	_	_	_	_	_	_	_	no	_	_	_			
_		#CHECK	#CHECK	_		_	_	_	_	_	_	_	_	_	_	_	_	no	_	_	_			
_		#CHECK	#CHECK	_		_	_	_	_	_	_	_	_	_	_	_	_	no	_	_	_			
_		#CHECK	#CHECK	_		_	_	_	_	_	_	_	_	_	_	_	_	no	_	_	_			
_		#CHECK	#CHECK	_		_	_	_	_	_	_	_	_	_	_	_	_	no	_	_	_			
_		#CHECK	#CHECK	_		_	_	_	_	_	_	_	_	_	_	_	_	no	_	_	_			
_		#CHECK	#CHECK	_		_	_	_	_	_	_	_	_	_	_	_	_	no	_	_	_			
_		#CHECK	#CHECK	_		_	_	_	_	_	_	_	_	_	_	_	_	no	_	_	_			
_		#CHECK	#CHECK	_		_	_	_	_	_	_	_	_	_	_	_	_	no	_	_	_			
_		#CHECK	#CHECK	_		_	_	_	_	_	_	_	_	_	_	_	_	no	_	_	_			
_		#CHECK	#CHECK	_		_	_	_	_	_	_	_	_	_	_	_	_	no	_	_	_			
_		#CHECK	#CHECK	_		_	_	_	_	_	_	_	_	_	_	_	_	no	_	_	_			
_		#CHECK	#CHECK	_		_	_	_	_	_	_	_	_	_	_	_	_	no	_	_	_			
_		#CHECK	#CHECK	_		_	_	_	_	_	_	_	_	_	_	_	_	no	_	_	_			
_		#CHECK	#CHECK	_		_	_	_	_	_	_	_	_	_	_	_	_	no	_	_	_			
_		#CHECK	#CHECK	_		_	_	_	_	_	_	_	_	_	_	_	_	no	_	_	_			
_		#CHECK	#CHECK	_		_	_	_	_	_	_	_	_	_	_	_	_	no	_	_	_			
_		#CHECK	#CHECK	_		_	_	_	_	_	_	_	_	_	_	_	_	no	_	_	_			
_		#CHECK	#CHECK	_		_	_	_	_	_	_	_	_	_	_	_	_	no	_	_	_			
_		#CHECK	#CHECK	_		_	_	_	_	_	_	_	_	_	_	_	_	no	_	_	_			
_		#CHECK	#CHECK	_		_	_	_	_	_	_	_	_	_	_	_	_	no	_	_	_			
_		#CHECK	#CHECK	_		_	_	_	_	_	_	_	_	_	_	_	_	no	_	_	_			
_		#CHECK	#CHECK	_		_	_	_	_	_	_	_	_	_	_	_	_	no	_	_	_			
_		#CHECK	#CHECK	_		_	_	_	_	_	_	_	_	_	_	_	_	no	_	_	_			
_		#CHECK	#CHECK	_		_	_	_	_	_	_	_	_	_	_	_	_	no	_	_	_			
_		#CHECK	#CHECK	_		_	_	_	_	_	_	_	_	_	_	_	_	no	_	_	_			
_		#CHECK	#CHECK	_		_	_	_	_	_	_	_	_	_	_	_	_	no	_	_	_			
_		#CHECK	#CHECK	_		_	_	_	_	_	_	_	_	_	_	_	_	no	_	_	_			
_		#CHECK	#CHECK	_		_	_	_	_	_	_	_	_	_	_	_	_	no	_	_	_			
_		#CHECK	#CHECK	_		_	_	_	_	_	_	_	_	_	_	_	_	no	_	_	_			
_		#CHECK	#CHECK	_		_	_	_	_	_	_	_	_	_	_	_	_	no	_	_	_			
_		#CHECK	#CHECK	_		_	_	_	_	_	_	_	_	_	_	_	_	no	_	_	_			
_		#CHECK	#CHECK	_		_	_	_	_	_	_	_	_	_	_	_	_	no	_	_	_			
_		#CHECK	#CHECK	_		_	_	_	_	_	_	_	_	_	_	_	_	no	_	_	_			
_		#CHECK	#CHECK	_		_	_	_	_	_	_	_	_	_	_	_	_	no	_	_	_			
_		#CHECK	#CHECK	_		_	_	_	_	_	_	_	_	_	_	_	_	no	_	_	_			
_		#CHECK	#CHECK	_		_	_	_	_	_	_	_	_	_	_	_	_	no	_	_	_			
_		#CHECK	#CHECK	_		_	_	_	_	_	_	_	_	_	_	_	_	no	_	_	_			
_		#CHECK	#CHECK	_		_	_	_	_	_	_	_	_	_	_	_	_	no	_	_	_			
_		#CHECK	#CHECK	_		_	_	_	_	_	_	_	_	_	_	_	_	no	_	_	_			
_		#CHECK	#CHECK	_		_	_	_	_	_	_	_	_	_	_	_	_	no	_	_	_			
_		#CHECK	#CHECK	_		_	_	_	_	_	_	_	_	_	_	_	_	no	_	_	_			
_		#CHECK	#CHECK	_		_	_	_	_	_	_	_	_	_	_	_	_	no	_	_	_			
_		#CHECK	#CHECK	_		_	_	_	_	_	_	_	_	_	_	_	_	no	_	_	_			
_		#CHECK	#CHECK	_		_	_	_	_	_	_	_	_	_	_	_	_	no	_	_	_			
_		#CHECK	#CHECK	_		_	_	_	_	_	_	_	_	_	_	_	_	no	_	_	_			
_		#CHECK	#CHECK	_		_	_	_	_	_	_	_	_	_	_	_	_	no	_	_	_			
_		#CHECK	#CHECK	_		_	_	_	_	_	_	_	_	_	_	_	_	no	_	_	_			
_		#CHECK	#CHECK	_		_	_	_	_	_	_	_	_	_	_	_	_	no	_	_	_			
_		#CHECK	#CHECK	_		_	_	_	_	_	_	_	_	_	_	_	_	no	_	_	_			
_		#CHECK	#CHECK	_		_	_	_	_	_	_	_	_	_	_	_	_	no	_	_	_			
_		#CHECK	#CHECK	_		_	_	_	_	_	_	_	_	_	_	_	_	no	_	_	_			
_		#CHECK	#CHECK	_		_	_	_	_	_	_	_	_	_	_	_	_	no	_	_	_			
_		#CHECK	#CHECK	_		_	_	_	_	_	_	_	_	_	_	_	_	no	_	_	_			
_		#CHECK	#CHECK	_		_	_	_	_	_	_	_	_	_	_	_	_	no	_	_	_			
_		#CHECK	#CHECK	_		_	_	_	_	_	_	_	_	_	_	_	_	no	_	_	_			
_		#CHECK	#CHECK	_		_	_	_	_	_	_	_	_	_	_	_	_	no	_	_	_			
_		#CHECK	#CHECK	_		_	_	_	_	_	_	_	_	_	_	_	_	no	_	_	_			
_		#CHECK	#CHECK	_		_	_	_	_	_	_	_	_	_	_	_	_	no	_	_	_			
_		#CHECK	#CHECK	_		_	_	_	_	_	_	_	_	_	_	_	_	no	_	_	_			
_		#CHECK	#CHECK	_		_	_	_	_	_	_	_	_	_	_	_	_	no	_	_	_			
_		#CHECK	#CHECK	_		_	_	_	_	_	_	_	_	_	_	_	_	no	_	_	_			
_		#CHECK	#CHECK	_		_	_	_	_	_	_	_	_	_	_	_	_	no	_	_	_			
_		#CHECK	#CHECK	_		_	_	_	_	_	_	_	_	_	_	_	_	no	_	_	_			
_		#CHECK	#CHECK	_		_	_	_	_	_	_	_	_	_	_	_	_	no	_	_	_			
_		#CHECK	#CHECK	_		_	_	_	_	_	_	_	_	_	_	_	_	no	_	_	_			
_		#CHECK	#CHECK	_		_	_	_	_	_	_	_	_	_	_	_	_	no	_	_	_			
_		#CHECK	#CHECK	_		_	_	_	_	_	_	_	_	_	_	_	_	no	_	_	_			
_		#CHECK	#CHECK	_		_	_	_	_	_	_	_	_	_	_	_	_	no	_	_	_			
_		#CHECK	#CHECK	_		_	_	_	_	_	_	_	_	_	_	_	_	no	_	_	_			
_		#CHECK	#CHECK	_		_	_	_	_	_	_	_	_	_	_	_	_	no	_	_	_			
_		#CHECK	#CHECK	_		_	_	_	_	_	_	_	_	_	_	_	_	no	_	_	_			
_		#CHECK	#CHECK	_		_	_	_	_	_	_	_	_	_	_	_	_	no	_	_	_			
_		#CHECK	#CHECK	_		_	_	_	_	_	_	_	_	_	_	_	_	no	_	_	_			
_		#CHECK	#CHECK	_		_	_	_	_	_	_	_	_	_	_	_	_	no	_	_	_			
_		#CHECK	#CHECK	_		_	_	_	_	_	_	_	_	_	_	_	_	no	_	_	_			
_		#CHECK	#CHECK	_		_	_	_	_	_	_	_	_	_	_	_	_	no	_	_	_			
